Year,OPRHP Region,County,Facility,Attendance
2024,Allegany,Cattaraugus,Allegany Quaker Area,807401
2024,Allegany,Cattaraugus,Allegany Red House Area,718294
2024,Allegany,Chautauqua,Barcelona Lighthouse,9082
2024,Allegany,Chautauqua,Lake Erie St Pk,90188
2024,Allegany,Chautauqua,Long Point Marina,151943
2024,Allegany,Chautauqua,Midway State Park,115843
2024,Allegany,Chautauqua,Sunset Bay MarinePark,35104
2024,Central,Broome,Chenango Valley St Pk,300470
2024,Central,Broome/Delaware,Oquaga State Park,71423
2024,Central,Chenango,Bowman Lake St Pk,72235
2024,Central,Chenango,Hunts Pond State Park,0
2024,Central,Herkimer,Herkimer Home,57941
2024,Central,Madison,Chittenango Fls St Pk,152283
2024,Central,Madison,Lorenzo,28841
2024,Central,Madison,Old Erie Canal,155694
2024,Central,Oneida,Delta Lake St Pk,294205
2024,Central,Oneida,Oriskany Battlefield,6056
2024,Central,Oneida,Pixley Falls State Park,85492
2024,Central,Oneida,Steuben Memorial,1777
2024,Central,Oneida,Verona Beach State Park,265217
2024,Central,Onondaga,Clark Reservation,180916
2024,Central,Onondaga,Green Lakes State Park,1477931
2024,Central,Onondaga,State Park at the Fair *1,868745
2024,Central,Oswego,Battle Isl Golf Course,45590
2024,Central,Oswego,Fort Ontario,112464
2024,Central,Oswego,Mexico Point Boat Launch,19340
2024,Central,Oswego,Pine Grove Boatlaunch,15220
2024,Central,Oswego,Sandy Island Beach,25106
2024,Central,Oswego,Selkirk Shores,85248
2024,Central,Otsego,Betty And Wilbur Davis State Park,12047
2024,Central,Otsego,Canadarago Boat Lnch,17151
2024,Central,Otsego,Gilbert Lake St Pk,163999
2024,Central,Otsego,Glimmerglass State Park,203879
2024,Finger Lakes,Cayuga,Fair Haven St Pk,374106
2024,Finger Lakes,Cayuga,Fillmore Glen St Pk,114500
2024,Finger Lakes,Cayuga,Long Point St Pk,63484
2024,Finger Lakes,Cayuga,Springbrook Greens,2225
2024,Finger Lakes,Chemung,Mark Twain State Park and Soaring Eagles Golf Course,24571
2024,Finger Lakes,Chemung,Newtown Battlefield,68237
2024,Finger Lakes,Ontario,Canadaigua Btlau Ontrio,60636
2024,Finger Lakes,Ontario,Ganondagan,57440
2024,Finger Lakes,Ontario,H H Spencer,54972
2024,Finger Lakes,Ontario,Honeoye Bt Lau,48748
2024,Finger Lakes,Ontario,Sonnenberg Gardens and Mansion,35735
2024,Finger Lakes,Ontario/Seneca,Seneca Lake St Pk,179400
2024,Finger Lakes,Schuyler,Watkins Glen St Pk,1398473
2024,Finger Lakes,Seneca,Bonavista Golf Course,0
2024,Finger Lakes,Seneca,Cayuga Lake St Pk,221353
2024,Finger Lakes,Seneca,Deans Cove Boat Launch,36314
2024,Finger Lakes,Seneca,Lodi Point Marina/Boat,65534
2024,Finger Lakes,Seneca,Sampson St Pk,221575
2024,Finger Lakes,Steuben,Indian Hills Golf Course,19599
2024,Finger Lakes,Steuben,Pinnacle State Park and Golf Course,0
2024,Finger Lakes,Steuben,Stony Brook St Pk,119834
2024,Finger Lakes,Tompkins,Allan Treman Marina,355374
2024,Finger Lakes,Tompkins,Buttermilk Falls St Pk,386370
2024,Finger Lakes,Tompkins,Robert H Treman St Pk,372115
2024,Finger Lakes,Tompkins,Taughannock Falls St Pk,795833
2024,Finger Lakes,Wayne,Beechwood,1179
2024,Finger Lakes,Wayne,Chimney Bluffs,80507
2024,Finger Lakes,Yates,Keuka Lake St Pk,153929
2024,Genesee,Genesee,Darien Lakes State Park,84535
2024,Genesee,Livingston,Conesus Lake Boat Launch,40719
2024,Genesee,Livingston/Wyoming,Letchworth State Park,1067525
2024,Genesee,Monore/Livingston/Wyoming/Allegany/Cattaraugus,Genesee Valley Greenway,137842
2024,Genesee,Monroe,Braddock Bay,19270
2024,Genesee,Monroe,Durand Eastman,0
2024,Genesee,Monroe,Genesee River Park,424
2024,Genesee,Monroe,Hamlin Beach State Park,381859
2024,Genesee,Monroe,Irondquoit Bay Boat Lnch,26163
2024,Genesee,Orleans,Lakeside St Pk,112735
2024,Genesee,Orleans,Oak Orchard Boat Launch,11185
2024,Genesee,Wyoming,Silver Lake,36971
2024,Long Island,Nassau,Bethpage Golf Course,782887
2024,Long Island,Nassau,Brentwood Sp,889105
2024,Long Island,Nassau,Hempstead Lake St Pk,802463
2024,Long Island,Nassau,Jones Beach,9534728
2024,Long Island,Nassau,Planting Fields A,348094
2024,Long Island,Nassau,Trailview,343150
2024,Long Island,Nassau,Valley Stream St Pk,419338
2024,Long Island,Suffolk,Amsterdam Beach,28453
2024,Long Island,Suffolk,Bayard C. A.,477232
2024,Long Island,Suffolk,Belmont Lakes St Pk,1082334
2024,Long Island,Suffolk,Brookhaven State Park,71672
2024,Long Island,Suffolk,Caleb Smith State Park,100916
2024,Long Island,Suffolk,Camp Hero,353285
2024,Long Island,Suffolk,Captree St Pk,1413046
2024,Long Island,Suffolk,Caumsett St Pk,980410
2024,Long Island,Suffolk,Cold Spring Harbor,293002
2024,Long Island,Suffolk,Connetquot River St Pk,239530
2024,Long Island,Suffolk,Gilgo St Pk,123431
2024,Long Island,Suffolk,Hallock St Pk Preserve,39586
2024,Long Island,Suffolk,Heckscher St Park,1390767
2024,Long Island,Suffolk,Hither Hills,665218
2024,Long Island,Suffolk,Montauk Downs,93077
2024,Long Island,Suffolk,Montauk Point,1247933
2024,Long Island,Suffolk,Napeague State Park,100652
2024,Long Island,Suffolk,Nissequogue River,268294
2024,Long Island,Suffolk,Orient Beach St Pk,135043
2024,Long Island,Suffolk,Robert Moses St Pk,3937825
2024,Long Island,Suffolk,Sag Harbour,20533
2024,Long Island,Suffolk,Shadmore,131318
2024,Long Island,Suffolk,Sunken Meadow St Pk,3528980
2024,Long Island,Suffolk,Walt Whitman House,3845
2024,Long Island,Suffolk,Wildwood State Park,499848
2024,New York City,Bronx,Roberto Clemente,456713
2024,New York City,Kings,Empire Fulton Ferry,0
2024,New York City,Kings,Marsha P. Johnston State Park,1190669
2024,New York City,Kings,Shirley Chisholm State Park,254351
2024,New York City,New York,Franklin D. Roosevelt Four Freedoms State Park,323020
2024,New York City,New York,Riverbank Fitness Cntr,26484
2024,New York City,New York,Riverbank Rollr-Ice Rnks,406758
2024,New York City,New York,Riverbank State Park,3817221
2024,New York City,Queens,Bayswater Point St Pk,16809
2024,New York City,Queens,Gantry Plaza,3005182
2024,New York City,Richmond,Clay Pit Ponds,23529
2024,Niagara,Erie,Beaver Island,312673
2024,Niagara,Erie,Big 6 Marina,87391
2024,Niagara,Erie,Buckhorn,41137
2024,Niagara,Erie,Buffalo Harbor St Pk & Marina,269734
2024,Niagara,Erie,Evangola St Pk,280623
2024,Niagara,Erie,Knox Farm Sp,626516
2024,Niagara,Erie,Woodlawn,258054
2024,Niagara,Niagara,Artpark,244185
2024,Niagara,Niagara,Deveaux Woods,86115
2024,Niagara,Niagara,Devils Hole,357807
2024,Niagara,Niagara,Four  Mile Creek,97749
2024,Niagara,Niagara,Ft Niagara (including boat launch),542353
2024,Niagara,Niagara,Golden Hill St Pk,51967
2024,Niagara,Niagara,Joseph Davis St Pk,146305
2024,Niagara,Niagara,Niagara Reservation,9515959
2024,Niagara,Niagara,Reservoir St Pk,139438
2024,Niagara,Niagara,Whirlpool,453643
2024,Niagara,Niagara,Wilson Tuscarora St Pk,219932
2024,Palisades,Orange,Anthony Wayne,86989
2024,Palisades,Orange,Fort Montgomery,29712
2024,Palisades,Orange,Goosepond Mountain,23935
2024,Palisades,Orange,Highland Lakes,26574
2024,Palisades,Orange,Knox Headquarters,11499
2024,Palisades,Orange,National Purple Heart Hall Of Honor,16661
2024,Palisades,Orange,New Windsor Cantonment,18592
2024,Palisades,Orange,Schunnemunk State Park,53589
2024,Palisades,Orange,Sterling Forest,311248
2024,Palisades,Orange,Storm King,51608
2024,Palisades,Orange,Washington Headquarters (including Tower of Victory),23890
2024,Palisades,Orange/Rockland,Appalachian Trail,53907
2024,Palisades,Orange/Rockland,Bear Mountain St Pk,2766708
2024,Palisades,Orange/Rockland,Harriman Group Camp,177657
2024,Palisades,Orange/Rockland,Harriman Hiker Trail,461107
2024,Palisades,Orange/Rockland,Lake Welch,380186
2024,Palisades,Orange/Rockland,Sebago Lake,137135
2024,Palisades,Orange/Rockland,Tiorati,415666
2024,Palisades,Rockland,Blauvelt,32657
2024,Palisades,Rockland,Harriman Beaver Pond,66776
2024,Palisades,Rockland,Haverstraw Beach,23580
2024,Palisades,Rockland,High Tor St Pk,60694
2024,Palisades,Rockland,Hook Mountain,55315
2024,Palisades,Rockland,Nyack Beach St Pk,156262
2024,Palisades,Rockland,Palisades,20542
2024,Palisades,Rockland,Rockland Lake State Park,710559
2024,Palisades,Rockland,Stony Point Battlefield,32542
2024,Palisades,Rockland,Tallman Mountain St Pk,378155
2024,Palisades,Sullivan,Lake Superior,14266
2024,Palisades,Ulster,Bristol Beach,10914
2024,Palisades,Ulster,Minnewaska Park,527632
2024,Palisades,Ulster,Sam's Point,91844
2024,Palisades,Ulster,Senate House,33348
2024,Palisades,Ulster,Sojourner Truth State Park,48970
2024,Saratoga/Capital,Albany,John Boyd Thacher Pk,676226
2024,Saratoga/Capital,Albany,Schuyler Mansion,10139
2024,Saratoga/Capital,Albany,Thompson Lake St Pk,75643
2024,Saratoga/Capital,Columbia,Hudson River Islands,0
2024,Saratoga/Capital,Delaware,John Burroughs Memorial,1530
2024,Saratoga/Capital,Essex,Crown Point,70695
2024,Saratoga/Capital,Essex,John Brown Farm,56110
2024,Saratoga/Capital,Fulton,Johnson Hall,105962
2024,Saratoga/Capital,Greene,Athens,69608
2024,Saratoga/Capital,Greene,Coxsackie,135480
2024,Saratoga/Capital,Montgomery,Schoharie Crossing,71225
2024,Saratoga/Capital,Rensselaer,Bennington Battlefield,24018
2024,Saratoga/Capital,Rensselaer,Cherry Plain St Pk,40325
2024,Saratoga/Capital,Rensselaer,Crailo,8940
2024,Saratoga/Capital,Rensselaer,Grafton Lakes St Pk,311276
2024,Saratoga/Capital,Rensselaer,Schodack Island,225347
2024,Saratoga/Capital,Saratoga,Grants Cottage,8929
2024,Saratoga/Capital,Saratoga,Peebles Island,74717
2024,Saratoga/Capital,Saratoga,Saratoga Lake Boat Lnch,61324
2024,Saratoga/Capital,Saratoga,Saratoga Springs (incl Victoria Pool & Golf Course),3934026
2024,Saratoga/Capital,Saratoga/Warren,Moreau Lake St Pk,380968
2024,Saratoga/Capital,Schoharie,Max V Shaul Campsite,14560
2024,Saratoga/Capital,Schoharie,Minekill,111800
2024,Saratoga/Capital,Washington,Lake Lauderdale *2,8387
2024,Taconic,Columbia,Clermont,156215
2024,Taconic,Columbia,Copake Falls,374006
2024,Taconic,Columbia,Lake Taghkanic St Park,193774
2024,Taconic,Columbia,Olana,173924
2024,Taconic,Dutchess,Clinton House,0
2024,Taconic,Dutchess,James Baird,227292
2024,Taconic,Dutchess,Mills Norrie St Pk,176082
2024,Taconic,Dutchess,Quiet Cove Riverfront Park,0
2024,Taconic,Dutchess,Rudd Pond,38905
2024,Taconic,Dutchess,Staatsburgh SHS,58342
2024,Taconic,Dutchess/Ulster,Walkway Over The Hudson,57011
2024,Taconic,Putnam,Clarence Fahnestock,316772
2024,Taconic,Putnam,Hudson Highlands,501370
2024,Taconic,Putnam,Taconic Outdoor Education Center,10988
2024,Taconic,Westchester,F D Roosevelt,537926
2024,Taconic,Westchester,John Jay Homestead,39920
2024,Taconic,Westchester,Old Croton Aqueduct,1282362
2024,Taconic,Westchester,Peter Jay House (Jay Heritage Center),54403
2024,Taconic,Westchester,Philipse Manor,11892
2024,Taconic,Westchester,Rockefeller Preserve,427359
2024,Thousand Islands,Clinton,Cumberland Bay St Pk,79556
2024,Thousand Islands,Clinton,Great Chazy Boat Launch,11401
2024,Thousand Islands,Clinton,Macomb Reservation,115323
2024,Thousand Islands,Clinton,Point Au Roche,153893
2024,Thousand Islands,Clinton,Point Au Roche Boat Lau,11507
2024,Thousand Islands,Jefferson,Black River Trail,106135
2024,Thousand Islands,Jefferson,Burnham Pnt River Park,16520
2024,Thousand Islands,Jefferson,Canoe-Picnic Pnt River,9451
2024,Thousand Islands,Jefferson,Chaumont Boat Launch,39464
2024,Thousand Islands,Jefferson,Dewolf Point,10029
2024,Thousand Islands,Jefferson,Grass Pnt River Park,53287
2024,Thousand Islands,Jefferson,Keewaydin St Park,46203
2024,Thousand Islands,Jefferson,Kring Point,53394
2024,Thousand Islands,Jefferson,Long Point River Park,36210
2024,Thousand Islands,Jefferson,Mary Island River Park,698
2024,Thousand Islands,Jefferson,Rock Island,11524
2024,Thousand Islands,Jefferson,Sackets Harbor Btl Field,66732
2024,Thousand Islands,Jefferson,Southwick Beach St Pk,158212
2024,Thousand Islands,Jefferson,Stony Creek,24875
2024,Thousand Islands,Jefferson,Waterson Point Docking,607
2024,Thousand Islands,Jefferson,Wehle State Park,78986
2024,Thousand Islands,Jefferson,Wellesley Island St Pk,180952
2024,Thousand Islands,Jefferson,Westcott Beach St Pk,134834
2024,Thousand Islands,Lewis,Whetstone Gulf,158806
2024,Thousand Islands,St Lawrence,Black Lk Boat Launch,10553
2024,Thousand Islands,St Lawrence,Cedar Island River Park,1806
2024,Thousand Islands,St Lawrence,Cedar Pnt River Park,80023
2024,Thousand Islands,St Lawrence,Coles Creek,77118
2024,Thousand Islands,St Lawrence,Eel Weir St Park,7419
2024,Thousand Islands,St Lawrence,Higley Flow St Park,32984
2024,Thousand Islands,St Lawrence,Jacques Cartier St Pk,35065
2024,Thousand Islands,St Lawrence,Robert Moses St Pk,131493
2024,Thousand Islands,St Lawrence,St Lawrence Golf Course,13940
2024,Thousand Islands,St Lawrence,Wilson Hill Boat Launch,13431
2023,Allegany,Cattaraugus,Allegany Quaker Area,792323
2023,Allegany,Cattaraugus,Allegany Red House Area,707529
2023,Allegany,Chautauqua,Barcelona Lighthouse,18019
2023,Allegany,Chautauqua,Lake Erie St Pk,91967
2023,Allegany,Chautauqua,Long Point Marina,152695
2023,Allegany,Chautauqua,Midway State Park,110265
2023,Allegany,Chautauqua,Sunset Bay MarinePark,36725
2023,Central,Broome,Chenango Valley St Pk,235154
2023,Central,Broome/Delaware,Oquaga State Park,67994
2023,Central,Chenango,Bowman Lake St Pk,60649
2023,Central,Chenango,Hunts Pond State Park,0
2023,Central,Herkimer,Herkimer Home,37559
2023,Central,Madison,Chittenango Fls St Pk,193794
2023,Central,Madison,Lorenzo,34803
2023,Central,Madison,Old Erie Canal,145995
2023,Central,Oneida,Delta Lake St Pk,319018
2023,Central,Oneida,Oriskany Battlefield,7380
2023,Central,Oneida,Pixley Falls State Park,72145
2023,Central,Oneida,Steuben Memorial,3607
2023,Central,Oneida,Verona Beach State Park,266960
2023,Central,Onondaga,Clark Reservation,165964
2023,Central,Onondaga,Green Lakes State Park,2125820
2023,Central,Onondaga,State Park at the Fair *1,932702
2023,Central,Oswego,Battle Isl Golf Course,53746
2023,Central,Oswego,Fort Ontario,110953
2023,Central,Oswego,Mexico Point Boat Launch,25312
2023,Central,Oswego,Pine Grove Boatlaunch,22397
2023,Central,Oswego,Sandy Island Beach,16342
2023,Central,Oswego,Selkirk Shores,114049
2023,Central,Otsego,Betty And Wilbur Davis State Park,16128
2023,Central,Otsego,Canadarago Boat Lnch,14756
2023,Central,Otsego,Gilbert Lake St Pk,168155
2023,Central,Otsego,Glimmerglass State Park,182577
2023,Finger Lakes,Cayuga,Fair Haven St Pk,184898
2023,Finger Lakes,Cayuga,Fillmore Glen St Pk,104083
2023,Finger Lakes,Cayuga,Long Point St Pk,41457
2023,Finger Lakes,Cayuga,Springbrook Greens,636
2023,Finger Lakes,Chemung,Mark Twain State Park and Soaring Eagles Golf Course,22006
2023,Finger Lakes,Chemung,Newtown Battlefield,55768
2023,Finger Lakes,Ontario,Canadaigua Btlau Ontrio,50526
2023,Finger Lakes,Ontario,Ganondagan,54751
2023,Finger Lakes,Ontario,H H Spencer,21408
2023,Finger Lakes,Ontario,Honeoye Bt Lau,15934
2023,Finger Lakes,Ontario,Sonnenberg Gardens and Mansion,28695
2023,Finger Lakes,Ontario/Seneca,Seneca Lake St Pk,190442
2023,Finger Lakes,Schuyler,Watkins Glen St Pk,1234805
2023,Finger Lakes,Seneca,Bonavista Golf Course,4861
2023,Finger Lakes,Seneca,Cayuga Lake St Pk,221681
2023,Finger Lakes,Seneca,Deans Cove Boat Launch,40611
2023,Finger Lakes,Seneca,Lodi Point Marina/Boat,37208
2023,Finger Lakes,Seneca,Sampson St Pk,147365
2023,Finger Lakes,Steuben,Indian Hills Golf Course,17694
2023,Finger Lakes,Steuben,Pinnacle State Park and Golf Course,0
2023,Finger Lakes,Steuben,Stony Brook St Pk,52258
2023,Finger Lakes,Tompkins,Allan Treman Marina,359034
2023,Finger Lakes,Tompkins,Buttermilk Falls St Pk,377899
2023,Finger Lakes,Tompkins,Robert H Treman St Pk,363752
2023,Finger Lakes,Tompkins,Taughannock Falls St Pk,700166
2023,Finger Lakes,Wayne,Beechwood,0
2023,Finger Lakes,Wayne,Chimney Bluffs,45961
2023,Finger Lakes,Yates,Keuka Lake St Pk,74775
2023,Genesee,Genesee,Darien Lakes State Park,73490
2023,Genesee,Livingston,Conesus Lake Boat Launch,38619
2023,Genesee,Livingston/Wyoming,Letchworth State Park,975406
2023,Genesee,Monore/Livingston/Wyoming/Allegany/Cattaraugus,Genesee Valley Greenway,121214
2023,Genesee,Monroe,Braddock Bay,21069
2023,Genesee,Monroe,Durand Eastman,0
2023,Genesee,Monroe,Genesee River Park,543
2023,Genesee,Monroe,Hamlin Beach State Park,381964
2023,Genesee,Monroe,Irondquoit Bay Boat Lnch,33811
2023,Genesee,Orleans,Lakeside St Pk,109596
2023,Genesee,Orleans,Oak Orchard Boat Launch,11030
2023,Genesee,Wyoming,Silver Lake,34799
2023,Long Island,Nassau,Bethpage Golf Course,776414
2023,Long Island,Nassau,Brentwood Sp,752873
2023,Long Island,Nassau,Hempstead Lake St Pk,690224
2023,Long Island,Nassau,Jones Beach,8634107
2023,Long Island,Nassau,Planting Fields A,242165
2023,Long Island,Nassau,Trailview,303333
2023,Long Island,Nassau,Valley Stream St Pk,385073
2023,Long Island,Suffolk,Amsterdam Beach,28272
2023,Long Island,Suffolk,Bayard C. A.,482508
2023,Long Island,Suffolk,Belmont Lakes St Pk,1183845
2023,Long Island,Suffolk,Brookhaven State Park,63988
2023,Long Island,Suffolk,Caleb Smith State Park,99393
2023,Long Island,Suffolk,Camp Hero,317876
2023,Long Island,Suffolk,Captree St Pk,1483920
2023,Long Island,Suffolk,Caumsett St Pk,861237
2023,Long Island,Suffolk,Cold Spring Harbor,270458
2023,Long Island,Suffolk,Connetquot River St Pk,207480
2023,Long Island,Suffolk,Gilgo St Pk,211400
2023,Long Island,Suffolk,Hallock St Pk Preserve,49142
2023,Long Island,Suffolk,Heckscher St Park,1355971
2023,Long Island,Suffolk,Hither Hills,611678
2023,Long Island,Suffolk,Montauk Downs,89759
2023,Long Island,Suffolk,Montauk Point,1263562
2023,Long Island,Suffolk,Napeague State Park,98813
2023,Long Island,Suffolk,Nissequogue River,261542
2023,Long Island,Suffolk,Orient Beach St Pk,106830
2023,Long Island,Suffolk,Robert Moses St Pk,3879325
2023,Long Island,Suffolk,Sag Harbour,22530
2023,Long Island,Suffolk,Shadmore,137704
2023,Long Island,Suffolk,Sunken Meadow St Pk,3636435
2023,Long Island,Suffolk,Walt Whitman House,4125
2023,Long Island,Suffolk,Wildwood State Park,439212
2023,New York City,Bronx,Roberto Clemente,203317
2023,New York City,Kings,Empire Fulton Ferry,0
2023,New York City,Kings,Marsha P. Johnston State Park,1255065
2023,New York City,Kings,Shirley Chisholm State Park,187301
2023,New York City,New York,Franklin D. Roosevelt Four Freedoms State Park,278439
2023,New York City,New York,Riverbank Fitness Cntr,23643
2023,New York City,New York,Riverbank Rollr-Ice Rnks,360928
2023,New York City,New York,Riverbank State Park,3170822
2023,New York City,Queens,Bayswater Point St Pk,17771
2023,New York City,Queens,Gantry Plaza,2731985
2023,New York City,Richmond,Clay Pit Ponds,23887
2023,Niagara,Erie,Beaver Island,287683
2023,Niagara,Erie,Big 6 Marina,45135
2023,Niagara,Erie,Buckhorn,41434
2023,Niagara,Erie,Buffalo Harbor St Pk & Marina,303410
2023,Niagara,Erie,Evangola St Pk,247228
2023,Niagara,Erie,Knox Farm Sp,475658
2023,Niagara,Erie,Woodlawn,245294
2023,Niagara,Niagara,Artpark,249095
2023,Niagara,Niagara,Deveaux Woods,105482
2023,Niagara,Niagara,Devils Hole,352404
2023,Niagara,Niagara,Four  Mile Creek,67111
2023,Niagara,Niagara,Ft Niagara (including boat launch),633553
2023,Niagara,Niagara,Golden Hill St Pk,48694
2023,Niagara,Niagara,Joseph Davis St Pk,143315
2023,Niagara,Niagara,Niagara Reservation,9483974
2023,Niagara,Niagara,Reservoir St Pk,136536
2023,Niagara,Niagara,Whirlpool,445620
2023,Niagara,Niagara,Wilson Tuscarora St Pk,227258
2023,Palisades,Orange,Anthony Wayne,93275
2023,Palisades,Orange,Fort Montgomery,25660
2023,Palisades,Orange,Goosepond Mountain,22548
2023,Palisades,Orange,Highland Lakes,24751
2023,Palisades,Orange,Knox Headquarters,11026
2023,Palisades,Orange,National Purple Heart Hall Of Honor,16207
2023,Palisades,Orange,New Windsor Cantonment,22085
2023,Palisades,Orange,Schunnemunk State Park,53628
2023,Palisades,Orange,Sterling Forest,335806
2023,Palisades,Orange,Storm King,49102
2023,Palisades,Orange,Washington Headquarters (including Tower of Victory),20933
2023,Palisades,Orange/Rockland,Appalachian Trail,51644
2023,Palisades,Orange/Rockland,Bear Mountain St Pk,2212185
2023,Palisades,Orange/Rockland,Harriman Group Camp,142392
2023,Palisades,Orange/Rockland,Harriman Hiker Trail,447851
2023,Palisades,Orange/Rockland,Lake Welch,395871
2023,Palisades,Orange/Rockland,Sebago Lake,146019
2023,Palisades,Orange/Rockland,Tiorati,392374
2023,Palisades,Rockland,Blauvelt,36750
2023,Palisades,Rockland,Harriman Beaver Pond,63171
2023,Palisades,Rockland,Haverstraw Beach,24495
2023,Palisades,Rockland,High Tor St Pk,60661
2023,Palisades,Rockland,Hook Mountain,55330
2023,Palisades,Rockland,Nyack Beach St Pk,152200
2023,Palisades,Rockland,Palisades,21526
2023,Palisades,Rockland,Rockland Lake State Park,745971
2023,Palisades,Rockland,Stony Point Battlefield,29798
2023,Palisades,Rockland,Tallman Mountain St Pk,409912
2023,Palisades,Sullivan,Lake Superior,12940
2023,Palisades,Ulster,Bristol Beach,10590
2023,Palisades,Ulster,Minnewaska Park,476992
2023,Palisades,Ulster,Sam's Point,79363
2023,Palisades,Ulster,Senate House,33854
2023,Palisades,Ulster,Sojourner Truth State Park,26833
2023,Saratoga/Capital,Albany,John Boyd Thacher Pk,737636
2023,Saratoga/Capital,Albany,Schuyler Mansion,10312
2023,Saratoga/Capital,Albany,Thompson Lake St Pk,70494
2023,Saratoga/Capital,Columbia,Hudson River Islands,0
2023,Saratoga/Capital,Delaware,John Burroughs Memorial,1986
2023,Saratoga/Capital,Essex,Crown Point,42993
2023,Saratoga/Capital,Essex,John Brown Farm,52740
2023,Saratoga/Capital,Fulton,Johnson Hall,50006
2023,Saratoga/Capital,Greene,Athens,28776
2023,Saratoga/Capital,Greene,Coxsackie,85458
2023,Saratoga/Capital,Montgomery,Schoharie Crossing,64231
2023,Saratoga/Capital,Rensselaer,Bennington Battlefield,26068
2023,Saratoga/Capital,Rensselaer,Cherry Plain St Pk,29692
2023,Saratoga/Capital,Rensselaer,Crailo,5619
2023,Saratoga/Capital,Rensselaer,Grafton Lakes St Pk,272056
2023,Saratoga/Capital,Rensselaer,Schodack Island,240320
2023,Saratoga/Capital,Saratoga,Grants Cottage,7798
2023,Saratoga/Capital,Saratoga,Peebles Island,53748
2023,Saratoga/Capital,Saratoga,Saratoga Lake Boat Lnch,51968
2023,Saratoga/Capital,Saratoga,Saratoga Springs (incl Victoria Pool & Golf Course),3629060
2023,Saratoga/Capital,Saratoga/Warren,Moreau Lake St Pk,365916
2023,Saratoga/Capital,Schoharie,Max V Shaul Campsite,14653
2023,Saratoga/Capital,Schoharie,Minekill,121039
2023,Saratoga/Capital,Washington,Lake Lauderdale *2,8668
2023,Taconic,Columbia,Clermont,157206
2023,Taconic,Columbia,Copake Falls,299800
2023,Taconic,Columbia,Lake Taghkanic St Park,177361
2023,Taconic,Columbia,Olana,219313
2023,Taconic,Dutchess,Clinton House,0
2023,Taconic,Dutchess,James Baird,211481
2023,Taconic,Dutchess,Mills Norrie St Pk,177156
2023,Taconic,Dutchess,Quiet Cove Riverfront Park,0
2023,Taconic,Dutchess,Rudd Pond,31874
2023,Taconic,Dutchess,Staatsburgh SHS,56877
2023,Taconic,Dutchess/Ulster,Walkway Over The Hudson,633155
2023,Taconic,Putnam,Clarence Fahnestock,329978
2023,Taconic,Putnam,Hudson Highlands,519510
2023,Taconic,Putnam,Taconic Outdoor Education Center,10657
2023,Taconic,Westchester,F D Roosevelt,522985
2023,Taconic,Westchester,John Jay Homestead,60267
2023,Taconic,Westchester,Old Croton Aqueduct,1306819
2023,Taconic,Westchester,Peter Jay House (Jay Heritage Center),35430
2023,Taconic,Westchester,Philipse Manor,9398
2023,Taconic,Westchester,Rockefeller Preserve,435576
2023,Thousand Islands,Clinton,Cumberland Bay St Pk,72938
2023,Thousand Islands,Clinton,Great Chazy Boat Launch,14268
2023,Thousand Islands,Clinton,Macomb Reservation,67536
2023,Thousand Islands,Clinton,Point Au Roche,106725
2023,Thousand Islands,Clinton,Point Au Roche Boat Lau,14896
2023,Thousand Islands,Jefferson,Black River Trail,128799
2023,Thousand Islands,Jefferson,Burnham Pnt River Park,11860
2023,Thousand Islands,Jefferson,Canoe-Picnic Pnt River,7929
2023,Thousand Islands,Jefferson,Chaumont Boat Launch,54312
2023,Thousand Islands,Jefferson,Dewolf Point,14512
2023,Thousand Islands,Jefferson,Grass Pnt River Park,40865
2023,Thousand Islands,Jefferson,Keewaydin St Park,57291
2023,Thousand Islands,Jefferson,Kring Point,67422
2023,Thousand Islands,Jefferson,Long Point River Park,45241
2023,Thousand Islands,Jefferson,Mary Island River Park,1231
2023,Thousand Islands,Jefferson,Rock Island,11942
2023,Thousand Islands,Jefferson,Sackets Harbor Btl Field,67213
2023,Thousand Islands,Jefferson,Southwick Beach St Pk,148364
2023,Thousand Islands,Jefferson,Stony Creek,40890
2023,Thousand Islands,Jefferson,Waterson Point Docking,840
2023,Thousand Islands,Jefferson,Wehle State Park,113376
2023,Thousand Islands,Jefferson,Wellesley Island St Pk,195607
2023,Thousand Islands,Jefferson,Westcott Beach St Pk,133501
2023,Thousand Islands,Lewis,Whetstone Gulf,155623
2023,Thousand Islands,St Lawrence,Black Lk Boat Launch,15518
2023,Thousand Islands,St Lawrence,Cedar Island River Park,3825
2023,Thousand Islands,St Lawrence,Cedar Pnt River Park,69376
2023,Thousand Islands,St Lawrence,Coles Creek,66591
2023,Thousand Islands,St Lawrence,Eel Weir St Park,9125
2023,Thousand Islands,St Lawrence,Higley Flow St Park,18468
2023,Thousand Islands,St Lawrence,Jacques Cartier St Pk,33386
2023,Thousand Islands,St Lawrence,Robert Moses St Pk,127941
2023,Thousand Islands,St Lawrence,St Lawrence Golf Course,11342
2023,Thousand Islands,St Lawrence,Wilson Hill Boat Launch,13447
2022,Allegany,Cattaraugus,Allegany Quaker Area,756703
2022,Allegany,Cattaraugus,Allegany Red House Area,712217
2022,Allegany,Chautauqua,Barcelona Lighthouse,15528
2022,Allegany,Chautauqua,Lake Erie St Pk,101210
2022,Allegany,Chautauqua,Long Point Marina,158456
2022,Allegany,Chautauqua,Midway State Park,95882
2022,Allegany,Chautauqua,Sunset Bay MarinePark,36920
2022,Central,Broome,Chenango Valley St Pk,223254
2022,Central,Broome/Delaware,Oquaga State Park,83062
2022,Central,Chenango,Bowman Lake St Pk,69578
2022,Central,Chenango,Hunts Pond State Park,0
2022,Central,Herkimer,Herkimer Home,37839
2022,Central,Madison,Chittenango Fls St Pk,250632
2022,Central,Madison,Lorenzo,29358
2022,Central,Madison,Old Erie Canal,119099
2022,Central,Onedia,Delta Lake St Pk,309577
2022,Central,Onedia,Oriskany Battlefield,12841
2022,Central,Onedia,Pixley Falls State Park,54349
2022,Central,Oneida,Steuben Memorial,5345
2022,Central,Oneida,Verona Beach State Park,236793
2022,Central,Onondaga,Clark Reservation,178478
2022,Central,Onondaga,Green Lakes State Park,1868616
2022,Central,Onondaga,State Park at the Fair *1,888110
2022,Central,Oswego,Battle Isl Golf Course,47289
2022,Central,Oswego,Fort Ontario,102799
2022,Central,Oswego,Mexico Point Boat Launch,27356
2022,Central,Oswego,Pine Grove Boatlaunch,22028
2022,Central,Oswego,Sandy Island Beach,19030
2022,Central,Oswego,Selkirk Shores,108455
2022,Central,Otsego,Betty And Wilbur Davis State Park,18739
2022,Central,Otsego,Canadarago Boat Lnch,17314
2022,Central,Otsego,Gilbert Lake St Pk,198323
2022,Central,Otsego,Glimmerglass State Park,171057
2022,Finger Lakes,Cayuga,Fair Haven St Pk,217179
2022,Finger Lakes,Cayuga,Fillmore Glen St Pk,110576
2022,Finger Lakes,Cayuga,Long Point St Pk,63264
2022,Finger Lakes,Cayuga,Springbrook Greens,454
2022,Finger Lakes,Chemung,Mark Twain State Park and Soaring Eagles Golf Course,21285
2022,Finger Lakes,Chemung,Newtown Battlefield,59100
2022,Finger Lakes,Ontario,Canadaigua Btlau Ontrio,54272
2022,Finger Lakes,Ontario,Ganondagan,58346
2022,Finger Lakes,Ontario,H H Spencer,53094
2022,Finger Lakes,Ontario,Honeoye Bt Lau,32219
2022,Finger Lakes,Ontario,Sonnenberg Gardens and Mansion,34499
2022,Finger Lakes,Ontario/Seneca,Seneca Lake St Pk,206854
2022,Finger Lakes,Schuyler,Watkins Glen St Pk,995377
2022,Finger Lakes,Seneca,Bonavista Golf Course,130
2022,Finger Lakes,Seneca,Cayuga Lake St Pk,196067
2022,Finger Lakes,Seneca,Deans Cove Boat Launch,30106
2022,Finger Lakes,Seneca,Lodi Point Marina/Boat,50283
2022,Finger Lakes,Seneca,Sampson St Pk,172025
2022,Finger Lakes,Steuben,Indian Hills Golf Course,18779
2022,Finger Lakes,Steuben,Pinnacle State Park and Golf Course,0
2022,Finger Lakes,Steuben,Stony Brook St Pk,154634
2022,Finger Lakes,Tompkins,Allan Treman Marina,363552
2022,Finger Lakes,Tompkins,Buttermilk Falls St Pk,374433
2022,Finger Lakes,Tompkins,Robert H Treman St Pk,362301
2022,Finger Lakes,Tompkins,Taughannock Falls St Pk,637057
2022,Finger Lakes,Wayne,Beechwood,0
2022,Finger Lakes,Wayne,Chimney Bluffs,39190
2022,Finger Lakes,Yates,Keuka Lake St Pk,122686
2022,Genesee,Genesee,Darien Lakes State Park,70083
2022,Genesee,Livingston,Conesus Lake Boat Launch,36164
2022,Genesee,Livingston/Wyoming,Letchworth State Park,869513
2022,Genesee,Monore/Livingston/Wyoming/Allegany/Cattaraugus,Genesee Valley Greenway,99169
2022,Genesee,Monroe,Braddock Bay,22838
2022,Genesee,Monroe,Durand Eastman,0
2022,Genesee,Monroe,Genesee River Park,612
2022,Genesee,Monroe,Hamlin Beach State Park,356714
2022,Genesee,Monroe,Irondquoit Bay Boat Lnch,27377
2022,Genesee,Orleans,Lakeside St Pk,104027
2022,Genesee,Orleans,Oak Orchard Boat Launch,9849
2022,Genesee,Wyoming,Silver Lake,35816
2022,Long Island,Nassau,Bethpage Golf Course,752580
2022,Long Island,Nassau,Brentwood Sp,784674
2022,Long Island,Nassau,Hempstead Lake St Pk,643610
2022,Long Island,Nassau,Jones Beach,8471291
2022,Long Island,Nassau,Planting Fields A,349261
2022,Long Island,Nassau,Trailview,207447
2022,Long Island,Nassau,Valley Stream St Pk,388692
2022,Long Island,Suffolk,Amsterdam Beach,23865
2022,Long Island,Suffolk,Bayard C. A.,400924
2022,Long Island,Suffolk,Belmont Lakes St Pk,1085295
2022,Long Island,Suffolk,Brookhaven State Park,76683
2022,Long Island,Suffolk,Caleb Smith State Park,99673
2022,Long Island,Suffolk,Camp Hero,380537
2022,Long Island,Suffolk,Captree St Pk,1625749
2022,Long Island,Suffolk,Caumsett St Pk,687868
2022,Long Island,Suffolk,Cold Spring Harbor,200636
2022,Long Island,Suffolk,Connetquot River St Pk,248408
2022,Long Island,Suffolk,Gilgo St Pk,188761
2022,Long Island,Suffolk,Hallock St Pk Preserve,31653
2022,Long Island,Suffolk,Heckscher St Park,1328754
2022,Long Island,Suffolk,Hither Hills,630793
2022,Long Island,Suffolk,Montauk Downs,87822
2022,Long Island,Suffolk,Montauk Point,1285800
2022,Long Island,Suffolk,Napeague State Park,126794
2022,Long Island,Suffolk,Nissequogue River,253942
2022,Long Island,Suffolk,Orient Beach St Pk,129823
2022,Long Island,Suffolk,Robert Moses St Pk,3824767
2022,Long Island,Suffolk,Sag Harbour,25212
2022,Long Island,Suffolk,Shadmore,178052
2022,Long Island,Suffolk,Sunken Meadow St Pk,3145811
2022,Long Island,Suffolk,Walt Whitman House,3224
2022,Long Island,Suffolk,Wildwood State Park,517429
2022,New York City,Bronx,Roberto Clemente,183575
2022,New York City,Kings,Empire Fulton Ferry,0
2022,New York City,Kings,Marsha P. Johnston State Park,469445
2022,New York City,Kings,Shirley Chisholm State Park,210232
2022,New York City,New York,Franklin D. Roosevelt Four Freedoms State Park,232419
2022,New York City,New York,Riverbank Fitness Cntr,18335
2022,New York City,New York,Riverbank Rollr-Ice Rnks,290415
2022,New York City,New York,Riverbank State Park,3005475
2022,New York City,Queens,Bayswater Point St Pk,12307
2022,New York City,Queens,Gantry Plaza,1287414
2022,New York City,Richmond,Clay Pit Ponds,46071
2022,Niagara,Erie,Beaver Island,323880
2022,Niagara,Erie,Big 6 Marina,51115
2022,Niagara,Erie,Buckhorn,41142
2022,Niagara,Erie,Buffalo Harbor St Pk & Marina,298055
2022,Niagara,Erie,Evangola St Pk,271995
2022,Niagara,Erie,Knox Farm Sp,684195
2022,Niagara,Erie,Woodlawn,274018
2022,Niagara,Niagara,Artpark,288317
2022,Niagara,Niagara,Deveaux Woods,79450
2022,Niagara,Niagara,Devils Hole,299152
2022,Niagara,Niagara,Four  Mile Creek,66375
2022,Niagara,Niagara,Ft Niagara (including boat launch),448484
2022,Niagara,Niagara,Golden Hill St Pk,50065
2022,Niagara,Niagara,Joseph Davis St Pk,148559
2022,Niagara,Niagara,Niagara Reservation,9383839
2022,Niagara,Niagara,Reservoir St Pk,119304
2022,Niagara,Niagara,Whirlpool,388574
2022,Niagara,Niagara,Wilson Tuscarora St Pk,212599
2022,Palisades,Orange,Fort Montgomery,46101
2022,Palisades,Orange,Goosepond Mountain,6355
2022,Palisades,Orange,Highland Lakes,7558
2022,Palisades,Orange,Knox Headquarters,11291
2022,Palisades,Orange,National Purple Heart Hall Of Honor,15621
2022,Palisades,Orange,New Windsor Cantonment,16342
2022,Palisades,Orange,Schunnemunk State Park,48661
2022,Palisades,Orange,Sterling Forest,300451
2022,Palisades,Orange,Storm King,14528
2022,Palisades,Orange,Washington Headquarters (including Tower of Victory),26223
2022,Palisades,Orange/Rockland,Anthony Wayne,62067
2022,Palisades,Orange/Rockland,Appalachian Trail,15822
2022,Palisades,Orange/Rockland,Bear Mountain St Pk,2367976
2022,Palisades,Orange/Rockland,Harriman Group Camp,156455
2022,Palisades,Orange/Rockland,Harriman Hiker Trail,146880
2022,Palisades,Orange/Rockland,Lake Welch,121030
2022,Palisades,Orange/Rockland,Sebago Lake,133557
2022,Palisades,Orange/Rockland,Tiorati,524327
2022,Palisades,Rockland,Blauvelt,44387
2022,Palisades,Rockland,Harriman Beaver Pond,63936
2022,Palisades,Rockland,Haverstraw Beach,23795
2022,Palisades,Rockland,High Tor St Pk,47515
2022,Palisades,Rockland,Hook Mountain,54140
2022,Palisades,Rockland,Nyack Beach St Pk,140690
2022,Palisades,Rockland,Palisades,26300
2022,Palisades,Rockland,Rockland Lake State Park,810652
2022,Palisades,Rockland,Stony Point Battlefield,30943
2022,Palisades,Rockland,Tallman Mountain St Pk,484102
2022,Palisades,Sullivan,Lake Superior,10006
2022,Palisades,Ulster,Bristol Beach,11025
2022,Palisades,Ulster,Minnewaska Park,467205
2022,Palisades,Ulster,Sam's Point,72626
2022,Palisades,Ulster,Senate House,33213
2022,Palisades,Ulster,Sojourner Truth State Park,7710
2022,Saratoga/Capital,Albany,John Boyd Thacher Pk,644194
2022,Saratoga/Capital,Albany,Schuyler Mansion,10521
2022,Saratoga/Capital,Albany,Thompson Lake St Pk,71231
2022,Saratoga/Capital,Columbia,Hudson River Islands,0
2022,Saratoga/Capital,Delaware,John Burroughs Memorial,1420
2022,Saratoga/Capital,Essex,Crown Point,46513
2022,Saratoga/Capital,Essex,John Brown Farm,55939
2022,Saratoga/Capital,Fulton,Johnson Hall,85933
2022,Saratoga/Capital,Greene,Athens,0
2022,Saratoga/Capital,Greene,Coxsackie,0
2022,Saratoga/Capital,Montgomery,Schoharie Crossing,70945
2022,Saratoga/Capital,Rensselaer,Bennington Battlefield,21798
2022,Saratoga/Capital,Rensselaer,Cherry Plain St Pk,25243
2022,Saratoga/Capital,Rensselaer,Crailo,6751
2022,Saratoga/Capital,Rensselaer,Grafton Lakes St Pk,237762
2022,Saratoga/Capital,Rensselaer,Schodack Island,234067
2022,Saratoga/Capital,Saratoga,Grants Cottage,7923
2022,Saratoga/Capital,Saratoga,Peebles Island,53211
2022,Saratoga/Capital,Saratoga,Saratoga Lake Boat Lnch,53133
2022,Saratoga/Capital,Saratoga,Saratoga Springs (incl Victoria Pool & Golf Course),3472868
2022,Saratoga/Capital,Saratoga/Warren,Moreau Lake St Pk,392983
2022,Saratoga/Capital,Schoharie,Max V Shaul Campsite,16399
2022,Saratoga/Capital,Schoharie,Minekill,147728
2022,Saratoga/Capital,Washington,Lake Lauderdale *2,6836
2022,Taconic,Columbia,Clermont,172968
2022,Taconic,Columbia,Copake Falls,249392
2022,Taconic,Columbia,Lake Taghkanic St Park,204946
2022,Taconic,Columbia,Olana,182628
2022,Taconic,Dutchess,Clinton House,0
2022,Taconic,Dutchess,James Baird,169145
2022,Taconic,Dutchess,Mills Norrie St Pk,197593
2022,Taconic,Dutchess,Quiet Cove Riverfront Park,0
2022,Taconic,Dutchess,Rudd Pond,29179
2022,Taconic,Dutchess,Staatsburgh SHS,44335
2022,Taconic,Putnam,Clarence Fahnestock,329925
2022,Taconic,Putnam,Hudson Highlands,470771
2022,Taconic,Putnam,Taconic Outdoor Education Center,7827
2022,Taconic,Westchester,F D Roosevelt,681630
2022,Taconic,Westchester,John Jay Homestead,90818
2022,Taconic,Westchester,Old Croton Aqueduct,1164418
2022,Taconic,Westchester,Peter Jay House (Jay Heritage Center),29890
2022,Taconic,Westchester,Philipse Manor,17893
2022,Taconic,Westchester,Rockefeller Preserve,396486
2022,Thousand Islands,Clinton,Cumberland Bay St Pk,63298
2022,Thousand Islands,Clinton,Great Chazy Boat Launch,32160
2022,Thousand Islands,Clinton,Macomb Reservation,88644
2022,Thousand Islands,Clinton,Point Au Roche,66661
2022,Thousand Islands,Clinton,Point Au Roche Boat Lau,30588
2022,Thousand Islands,Dutchess/Ulster,Walkway Over The Hudson,595900
2022,Thousand Islands,Jefferson,Black River Trail,132203
2022,Thousand Islands,Jefferson,Burnham Pnt River Park,14410
2022,Thousand Islands,Jefferson,Canoe-Picnic Pnt River,9140
2022,Thousand Islands,Jefferson,Chaumont Boat Launch,42601
2022,Thousand Islands,Jefferson,Dewolf Point,16774
2022,Thousand Islands,Jefferson,Grass Pnt River Park,46628
2022,Thousand Islands,Jefferson,Keewaydin St Park,60424
2022,Thousand Islands,Jefferson,Kring Point,66038
2022,Thousand Islands,Jefferson,Long Point River Park,40505
2022,Thousand Islands,Jefferson,Mary Island River Park,1845
2022,Thousand Islands,Jefferson,Rock Island,13118
2022,Thousand Islands,Jefferson,Sackets Harbor Btl Field,64942
2022,Thousand Islands,Jefferson,Southwick Beach St Pk,144908
2022,Thousand Islands,Jefferson,Stony Creek,27322
2022,Thousand Islands,Jefferson,Waterson Point Docking,2148
2022,Thousand Islands,Jefferson,Wehle State Park,113589
2022,Thousand Islands,Jefferson,Wellesley Island St Pk,195197
2022,Thousand Islands,Jefferson,Westcott Beach St Pk,133721
2022,Thousand Islands,Lewis,Whetstone Gulf,157195
2022,Thousand Islands,St Lawrence,Black Lk Boat Launch,12450
2022,Thousand Islands,St Lawrence,Cedar Island River Park,10702
2022,Thousand Islands,St Lawrence,Cedar Pnt River Park,77029
2022,Thousand Islands,St Lawrence,Coles Creek,69308
2022,Thousand Islands,St Lawrence,Eel Weir St Park,14315
2022,Thousand Islands,St Lawrence,Higley Flow St Park,41677
2022,Thousand Islands,St Lawrence,Jacques Cartier St Pk,36327
2022,Thousand Islands,St Lawrence,Robert Moses St Pk,135897
2022,Thousand Islands,St Lawrence,St Lawrence Golf Course,12872
2022,Thousand Islands,St Lawrence,Wilson Hill Boat Launch,18186
2021,Allegany,Cattaraugus,Allegany Quaker Area,827178
2021,Allegany,Cattaraugus,Allegany Red House Area,745792
2021,Allegany,Chautauqua,Barcelona Lighthouse,10703
2021,Allegany,Chautauqua,Lake Erie St Pk,104391
2021,Allegany,Chautauqua,Long Point Marina,124744
2021,Allegany,Chautauqua,Midway State Park,61545
2021,Allegany,Chautauqua,Sunset Bay MarinePark,33584
2021,Central,Broome,Chenango Valley St Pk,246498
2021,Central,Broome/Delaware,Oquaga State Park,89830
2021,Central,Chenango,Bowman Lake St Pk,57587
2021,Central,Chenango,Hunts Pond State Park,0
2021,Central,Herkimer,Herkimer Home,24221
2021,Central,Madison,Chittenango Fls St Pk,248633
2021,Central,Madison,Lorenzo,22119
2021,Central,Madison,Old Erie Canal,113287
2021,Central,Onedia,Delta Lake St Pk,281411
2021,Central,Onedia,Oriskany Battlefield,18159
2021,Central,Onedia,Pixley Falls State Park,42885
2021,Central,Oneida,Steuben Memorial,7371
2021,Central,Oneida,Verona Beach State Park,157533
2021,Central,Onondaga,Clark Reservation,168341
2021,Central,Onondaga,Green Lakes State Park,2045527
2021,Central,Onondaga,State Park at the Fair *1,798095
2021,Central,Oswego,Battle Isl Golf Course,33899
2021,Central,Oswego,Fort Ontario,108720
2021,Central,Oswego,Mexico Point Boat Launch,22132
2021,Central,Oswego,Pine Grove Boatlaunch,15149
2021,Central,Oswego,Sandy Island Beach,22940
2021,Central,Oswego,Selkirk Shores,153831
2021,Central,Otsego,Betty And Wilbur Davis State Park,24816
2021,Central,Otsego,Canadarago Boat Lnch,16416
2021,Central,Otsego,Gilbert Lake St Pk,135977
2021,Central,Otsego,Glimmerglass State Park,162095
2021,Finger Lakes,Cayuga,Fair Haven St Pk,231762
2021,Finger Lakes,Cayuga,Fillmore Glen St Pk,112345
2021,Finger Lakes,Cayuga,Long Point St Pk,59312
2021,Finger Lakes,Cayuga,Springbrook Greens,96
2021,Finger Lakes,Chemung,Mark Twain State Park and Soaring Eagles Golf Course,26637
2021,Finger Lakes,Chemung,Newtown Battlefield,49549
2021,Finger Lakes,Ontario,Canadaigua Btlau Ontrio,53162
2021,Finger Lakes,Ontario,Ganondagan,57590
2021,Finger Lakes,Ontario,H H Spencer,39619
2021,Finger Lakes,Ontario,Honeoye Bt Lau,27118
2021,Finger Lakes,Ontario,Sonnenberg Gardens and Mansion,36106
2021,Finger Lakes,Ontario/Seneca,Seneca Lake St Pk,184431
2021,Finger Lakes,Schuyler,Watkins Glen St Pk,1003280
2021,Finger Lakes,Seneca,Bonavista Golf Course,0
2021,Finger Lakes,Seneca,Cayuga Lake St Pk,205042
2021,Finger Lakes,Seneca,Deans Cove Boat Launch,27510
2021,Finger Lakes,Seneca,Lodi Point Marina/Boat,44095
2021,Finger Lakes,Seneca,Sampson St Pk,191200
2021,Finger Lakes,Steuben,Indian Hills Golf Course,18469
2021,Finger Lakes,Steuben,Pinnacle State Park and Golf Course,0
2021,Finger Lakes,Steuben,Stony Brook St Pk,123142
2021,Finger Lakes,Tompkins,Allan Treman Marina,330569
2021,Finger Lakes,Tompkins,Buttermilk Falls St Pk,378350
2021,Finger Lakes,Tompkins,Robert H Treman St Pk,358536
2021,Finger Lakes,Tompkins,Taughannock Falls St Pk,618162
2021,Finger Lakes,Wayne,Beechwood,0
2021,Finger Lakes,Wayne,Chimney Bluffs,51563
2021,Finger Lakes,Yates,Keuka Lake St Pk,133993
2021,Genesee,Genesee,Darien Lakes State Park,76397
2021,Genesee,Livingston,Conesus Lake Boat Launch,43052
2021,Genesee,Livingston/Wyoming,Letchworth State Park,903505
2021,Genesee,Monore/Livingston/Wyoming/Allegany/Cattaraugus,Genesee Valley Greenway,78645
2021,Genesee,Monroe,Braddock Bay,24619
2021,Genesee,Monroe,Durand Eastman,0
2021,Genesee,Monroe,Genesee River Park,890
2021,Genesee,Monroe,Hamlin Beach State Park,367960
2021,Genesee,Monroe,Irondquoit Bay Boat Lnch,29067
2021,Genesee,Orleans,Lakeside St Pk,116817
2021,Genesee,Orleans,Oak Orchard Boat Launch,10940
2021,Genesee,Wyoming,Silver Lake,39080
2021,Long Island,Nassau,Bethpage Golf Course,815822
2021,Long Island,Nassau,Brentwood Sp,1446164
2021,Long Island,Nassau,Hempstead Lake St Pk,621991
2021,Long Island,Nassau,Jones Beach,8034685
2021,Long Island,Nassau,Planting Fields A,455027
2021,Long Island,Nassau,Trailview,247374
2021,Long Island,Nassau,Valley Stream St Pk,407700
2021,Long Island,Suffolk,Amsterdam Beach,24820
2021,Long Island,Suffolk,Bayard C. A.,471873
2021,Long Island,Suffolk,Belmont Lakes St Pk,1199520
2021,Long Island,Suffolk,Brookhaven State Park,75043
2021,Long Island,Suffolk,Caleb Smith State Park,101246
2021,Long Island,Suffolk,Camp Hero,401220
2021,Long Island,Suffolk,Captree St Pk,1644634
2021,Long Island,Suffolk,Caumsett St Pk,824722
2021,Long Island,Suffolk,Cold Spring Harbor,219784
2021,Long Island,Suffolk,Connetquot River St Pk,259435
2021,Long Island,Suffolk,Gilgo St Pk,287961
2021,Long Island,Suffolk,Hallock St Pk Preserve,55566
2021,Long Island,Suffolk,Heckscher St Park,1390081
2021,Long Island,Suffolk,Hither Hills,525320
2021,Long Island,Suffolk,Montauk Downs,97900
2021,Long Island,Suffolk,Montauk Point,1263754
2021,Long Island,Suffolk,Napeague State Park,131740
2021,Long Island,Suffolk,Nissequogue River,281156
2021,Long Island,Suffolk,Orient Beach St Pk,174679
2021,Long Island,Suffolk,Robert Moses St Pk,4067368
2021,Long Island,Suffolk,Sag Harbour,27865
2021,Long Island,Suffolk,Shadmore,172955
2021,Long Island,Suffolk,Sunken Meadow St Pk,3463692
2021,Long Island,Suffolk,Walt Whitman House,1932
2021,Long Island,Suffolk,Wildwood State Park,489769
2021,New York City,Bronx,Roberto Clemente,116936
2021,New York City,Kings,Empire Fulton Ferry,0
2021,New York City,Kings,Marsha P Johnson (Former East River State Park),647902
2021,New York City,Kings,Shirley Chisholm State Park,314350
2021,New York City,New York,Franklin D. Roosevelt Four Freedoms State Park,176372
2021,New York City,New York,Riverbank Fitness Cntr,12452
2021,New York City,New York,Riverbank Rollr-Ice Rnks,111097
2021,New York City,New York,Riverbank State Park,1888429
2021,New York City,Queens,Bayswater Point St Pk,13159
2021,New York City,Queens,Gantry Plaza,1036301
2021,New York City,Richmond,Clay Pit Ponds,47415
2021,Niagara,Erie,Beaver Island,313959
2021,Niagara,Erie,Big 6 Marina,46600
2021,Niagara,Erie,Buckhorn,41387
2021,Niagara,Erie,Buffalo Harbor St Pk & Marina,280052
2021,Niagara,Erie,Evangola St Pk,244227
2021,Niagara,Erie,Knox Farm Sp,719037
2021,Niagara,Erie,Woodlawn,290879
2021,Niagara,Niagara,Artpark,249320
2021,Niagara,Niagara,Deveaux Woods,75326
2021,Niagara,Niagara,Devils Hole,122242
2021,Niagara,Niagara,Four  Mile Creek,77576
2021,Niagara,Niagara,Ft Niagara (including boat launch),391377
2021,Niagara,Niagara,Golden Hill St Pk,58038
2021,Niagara,Niagara,Joseph Davis St Pk,134221
2021,Niagara,Niagara,Niagara Reservation,9029114
2021,Niagara,Niagara,Reservoir St Pk,98762
2021,Niagara,Niagara,Whirlpool,301296
2021,Niagara,Niagara,Wilson Tuscarora St Pk,227710
2021,Palisades,Orange,Fort Montgomery,39317
2021,Palisades,Orange,Goosepond Mountain,7275
2021,Palisades,Orange,Highland Lakes,7810
2021,Palisades,Orange,Knox Headquarters,11220
2021,Palisades,Orange,National Purple Heart Hall Of Honor,14933
2021,Palisades,Orange,New Windsor Cantonment,15081
2021,Palisades,Orange,Schunnemunk State Park,50049
2021,Palisades,Orange,Sterling Forest,315841
2021,Palisades,Orange,Storm King,14997
2021,Palisades,Orange,Washington Headquarters (including Tower of Victory),17436
2021,Palisades,Orange/Rockland,Anthony Wayne,88028
2021,Palisades,Orange/Rockland,Appalachian Trail,15850
2021,Palisades,Orange/Rockland,Bear Mountain St Pk,2034228
2021,Palisades,Orange/Rockland,Harriman Group Camp,102941
2021,Palisades,Orange/Rockland,Harriman Hiker Trail,138321
2021,Palisades,Orange/Rockland,Lake Welch,357719
2021,Palisades,Orange/Rockland,Sebago Lake,133150
2021,Palisades,Orange/Rockland,Tiorati,514447
2021,Palisades,Rockland,Blauvelt,32806
2021,Palisades,Rockland,Harriman Beaver Pond,76563
2021,Palisades,Rockland,Haverstraw Beach,20065
2021,Palisades,Rockland,High Tor St Pk,33259
2021,Palisades,Rockland,Hook Mountain,68550
2021,Palisades,Rockland,Nyack Beach St Pk,111446
2021,Palisades,Rockland,Palisades,19615
2021,Palisades,Rockland,Rockland Lake State Park,727133
2021,Palisades,Rockland,Stony Point Battlefield,30379
2021,Palisades,Rockland,Tallman Mountain St Pk,372201
2021,Palisades,Sullivan,Lake Superior,10163
2021,Palisades,Ulster,Bristol Beach,10988
2021,Palisades,Ulster,Minnewaska Park,531738
2021,Palisades,Ulster,Sam's Point,92093
2021,Palisades,Ulster,Senate House,28452
2021,Palisades,Ulster,Sojourner Truth State Park,0
2021,Saratoga/Capital,Albany,John Boyd Thacher Pk,813066
2021,Saratoga/Capital,Albany,Schuyler Mansion,10774
2021,Saratoga/Capital,Albany,Thompson Lake St Pk,73750
2021,Saratoga/Capital,Columbia,Hudson River Islands,0
2021,Saratoga/Capital,Delaware,John Burroughs Memorial,1537
2021,Saratoga/Capital,Essex,Crown Point,45416
2021,Saratoga/Capital,Essex,John Brown Farm,57609
2021,Saratoga/Capital,Fulton,Johnson Hall,81919
2021,Saratoga/Capital,Greene,Athens,0
2021,Saratoga/Capital,Greene,Coxsackie,0
2021,Saratoga/Capital,Montgomery,Schoharie Crossing,101039
2021,Saratoga/Capital,Rensselaer,Bennington Battlefield,22087
2021,Saratoga/Capital,Rensselaer,Cherry Plain St Pk,25619
2021,Saratoga/Capital,Rensselaer,Crailo,6728
2021,Saratoga/Capital,Rensselaer,Grafton Lakes St Pk,264134
2021,Saratoga/Capital,Rensselaer,Schodack Island,250579
2021,Saratoga/Capital,Saratoga,Grants Cottage,8170
2021,Saratoga/Capital,Saratoga,Peebles Island,48959
2021,Saratoga/Capital,Saratoga,Saratoga Lake Boat Lnch,86734
2021,Saratoga/Capital,Saratoga,Saratoga Springs (incl Victoria Pool & Golf Course),3243108
2021,Saratoga/Capital,Saratoga/Warren,Moreau Lake St Pk,343616
2021,Saratoga/Capital,Schoharie,Max V Shaul Campsite,22766
2021,Saratoga/Capital,Schoharie,Minekill,127803
2021,Saratoga/Capital,Washington,Lake Lauderdale *2,9197
2021,Taconic,Columbia,Clermont,118982
2021,Taconic,Columbia,Copake Falls,250225
2021,Taconic,Columbia,Lake Taghkanic St Park,175133
2021,Taconic,Columbia,Olana,242177
2021,Taconic,Dutchess,Clinton House,0
2021,Taconic,Dutchess,James Baird,129887
2021,Taconic,Dutchess,Mills Norrie St Pk,211263
2021,Taconic,Dutchess,Quiet Cove Riverfront Park,0
2021,Taconic,Dutchess,Rudd Pond,27281
2021,Taconic,Dutchess,Staatsburgh SHS,78133
2021,Taconic,Dutchess/Ulster,Walkway Over The Hudson,651955
2021,Taconic,Putnam,Clarence Fahnestock,296870
2021,Taconic,Putnam,Hudson Highlands,475636
2021,Taconic,Putnam,Taconic Outdoor Education Center,3288
2021,Taconic,Westchester,F D Roosevelt,539336
2021,Taconic,Westchester,John Jay Homestead,76219
2021,Taconic,Westchester,Old Croton Aqueduct,1364361
2021,Taconic,Westchester,Peter Jay House (Jay Heritage Center),18870
2021,Taconic,Westchester,Philipse Manor,19817
2021,Taconic,Westchester,Rockefeller Preserve,454726
2021,Thousand Islands,Clinton,Cumberland Bay St Pk,44289
2021,Thousand Islands,Clinton,Great Chazy Boat Launch,20700
2021,Thousand Islands,Clinton,Macomb Reservation,56575
2021,Thousand Islands,Clinton,Point Au Roche,75102
2021,Thousand Islands,Clinton,Point Au Roche Boat Lau,18015
2021,Thousand Islands,Jefferson,Black River Trail,130423
2021,Thousand Islands,Jefferson,Burnham Pnt River Park,16201
2021,Thousand Islands,Jefferson,Canoe-Picnic Pnt River,9075
2021,Thousand Islands,Jefferson,Chaumont Boat Launch,38317
2021,Thousand Islands,Jefferson,Dewolf Point,21035
2021,Thousand Islands,Jefferson,Grass Pnt River Park,47468
2021,Thousand Islands,Jefferson,Keewaydin St Park,53574
2021,Thousand Islands,Jefferson,Kring Point,64177
2021,Thousand Islands,Jefferson,Long Point River Park,40334
2021,Thousand Islands,Jefferson,Mary Island River Park,2897
2021,Thousand Islands,Jefferson,Rock Island,12412
2021,Thousand Islands,Jefferson,Sackets Harbor Btl Field,58084
2021,Thousand Islands,Jefferson,Southwick Beach St Pk,139267
2021,Thousand Islands,Jefferson,Stony Creek,26695
2021,Thousand Islands,Jefferson,Waterson Point Docking,2965
2021,Thousand Islands,Jefferson,Wehle State Park,115623
2021,Thousand Islands,Jefferson,Wellesley Island St Pk,216877
2021,Thousand Islands,Jefferson,Westcott Beach St Pk,139838
2021,Thousand Islands,Lewis,Whetstone Gulf,161388
2021,Thousand Islands,St Lawrence,Black Lk Boat Launch,12311
2021,Thousand Islands,St Lawrence,Cedar Island River Park,2101
2021,Thousand Islands,St Lawrence,Cedar Pnt River Park,84169
2021,Thousand Islands,St Lawrence,Coles Creek,64993
2021,Thousand Islands,St Lawrence,Eel Weir St Park,4268
2021,Thousand Islands,St Lawrence,Higley Flow St Park,53966
2021,Thousand Islands,St Lawrence,Jacques Cartier St Pk,26626
2021,Thousand Islands,St Lawrence,Robert Moses St Pk,101993
2021,Thousand Islands,St Lawrence,St Lawrence Golf Course,13800
2021,Thousand Islands,St Lawrence,Wilson Hill Boat Launch,22419
2020,Allegany,Cattaraugus,Allegany Quaker Area,703521
2020,Allegany,Cattaraugus,Allegany Red House Area,665081
2020,Allegany,Chautauqua,Barcelona Lighthouse,7205
2020,Allegany,Chautauqua,Lake Erie St Pk,88407
2020,Allegany,Chautauqua,Long Point Marina,144802
2020,Allegany,Chautauqua,Midway State Park,18311
2020,Allegany,Chautauqua,Sunset Bay MarinePark,31292
2020,Central,Broome,Chenango Valley St Pk,208114
2020,Central,Broome/Delaware,Oquaga State Park,69358
2020,Central,Chenango,Bowman Lake St Pk,69037
2020,Central,Chenango,Hunts Pond State Park,0
2020,Central,Herkimer,Herkimer Home,34435
2020,Central,Madison,Chittenango Fls St Pk,357519
2020,Central,Madison,Lorenzo,18522
2020,Central,Madison,Old Erie Canal,125216
2020,Central,Oneida,Delta Lake St Pk,277951
2020,Central,Oneida,Oriskany Battlefield,18385
2020,Central,Oneida,Pixley Falls State Park,47326
2020,Central,Oneida,Steuben Memorial,5508
2020,Central,Oneida,Verona Beach State Park,194953
2020,Central,Onondaga,Clark Reservation,233653
2020,Central,Onondaga,Green Lakes State Park,2148775
2020,Central,Onondaga,State Park at the Fair *1,0
2020,Central,Oswego,Battle Isl Golf Course,33056
2020,Central,Oswego,Fort Ontario,107794
2020,Central,Oswego,Mexico Point Boat Launch,16953
2020,Central,Oswego,Pine Grove Boatlaunch,16090
2020,Central,Oswego,Sandy Island Beach,25455
2020,Central,Oswego,Selkirk Shores,92502
2020,Central,Otsego,Betty And Wilbur Davis State Park,16246
2020,Central,Otsego,Canadarago Boat Lnch,24069
2020,Central,Otsego,Gilbert Lake St Pk,137973
2020,Central,Otsego,Glimmerglass State Park,177398
2020,Finger Lakes,Cayuga,Fair Haven St Pk,290498
2020,Finger Lakes,Cayuga,Fillmore Glen St Pk,112731
2020,Finger Lakes,Cayuga,Long Point St Pk,75225
2020,Finger Lakes,Cayuga,Springbrook Greens,375
2020,Finger Lakes,Chemung,Mark Twain State Park and Soaring Eagles Golf Course,22329
2020,Finger Lakes,Chemung,Newtown Battlefield,56746
2020,Finger Lakes,Ontario,Canadaigua Btlau Ontrio,53976
2020,Finger Lakes,Ontario,Ganondagan,39959
2020,Finger Lakes,Ontario,H H Spencer,79940
2020,Finger Lakes,Ontario,Honeoye Bt Lau,41009
2020,Finger Lakes,Ontario,Sonnenberg Gardens and Mansion,15388
2020,Finger Lakes,Ontario/Seneca,Seneca Lake St Pk,164232
2020,Finger Lakes,Schuyler,Watkins Glen St Pk,663402
2020,Finger Lakes,Seneca,Bonavista Golf Course,1117
2020,Finger Lakes,Seneca,Cayuga Lake St Pk,189991
2020,Finger Lakes,Seneca,Deans Cove Boat Launch,26865
2020,Finger Lakes,Seneca,Lodi Point Marina/Boat,64697
2020,Finger Lakes,Seneca,Sampson St Pk,163569
2020,Finger Lakes,Steuben,Indian Hills Golf Course,19749
2020,Finger Lakes,Steuben,Pinnacle State Park and Golf Course,0
2020,Finger Lakes,Steuben,Stony Brook St Pk,226726
2020,Finger Lakes,Tompkins,Allan Treman Marina,341963
2020,Finger Lakes,Tompkins,Buttermilk Falls St Pk,441386
2020,Finger Lakes,Tompkins,Robert H Treman St Pk,444124
2020,Finger Lakes,Tompkins,Taughannock Falls St Pk,606202
2020,Finger Lakes,Wayne,Beechwood,0
2020,Finger Lakes,Wayne,Chimney Bluffs,101612
2020,Finger Lakes,Yates,Keuka Lake St Pk,126159
2020,Genesee,Genesee,Darien Lakes State Park,74022
2020,Genesee,Livingston,Conesus Lake Boat Launch,39974
2020,Genesee,Livingston/Wyoming,Letchworth State Park,966430
2020,Genesee,Monore/Livingston/Wyoming/Allegany/Cattaraugus,Genesee Valley Greenway,70675
2020,Genesee,Monroe,Braddock Bay,27537
2020,Genesee,Monroe,Durand Eastman,0
2020,Genesee,Monroe,Genesee River Park,1159
2020,Genesee,Monroe,Hamlin Beach State Park,384196
2020,Genesee,Monroe,Irondquoit Bay Boat Lnch,30250
2020,Genesee,Orleans,Lakeside Beach St Pk,103332
2020,Genesee,Orleans,Oak Orchard Boat Launch,11060
2020,Genesee,Wyoming,Silver Lake,34902
2020,Long Island,Nassau,Bethpage Golf Course,647118
2020,Long Island,Nassau,Brentwood Sp,750886
2020,Long Island,Nassau,Hempstead Lake St Pk,593769
2020,Long Island,Nassau,Jones Beach,8313133
2020,Long Island,Nassau,Planting Fields A,468800
2020,Long Island,Nassau,Trailview,274243
2020,Long Island,Nassau,Valley Stream St Pk,416271
2020,Long Island,Suffolk,Amsterdam Beach,22215
2020,Long Island,Suffolk,Bayard C. A.,407020
2020,Long Island,Suffolk,Belmont Lakes St Pk,1305359
2020,Long Island,Suffolk,Brookhaven State Park,76601
2020,Long Island,Suffolk,Caleb Smith State Park,128052
2020,Long Island,Suffolk,Camp Hero,397156
2020,Long Island,Suffolk,Captree St Pk,1874492
2020,Long Island,Suffolk,Caumsett St Pk,914065
2020,Long Island,Suffolk,Cold Spring Harbor,233538
2020,Long Island,Suffolk,Connetquot River St Pk,355661
2020,Long Island,Suffolk,Hallock St Pk Preserve,62963
2020,Long Island,Suffolk,Heckscher St Park,1611171
2020,Long Island,Suffolk,Hither Hills,511665
2020,Long Island,Suffolk,Montauk Downs,87534
2020,Long Island,Suffolk,Montauk Point,1421690
2020,Long Island,Suffolk,Napeague State Park,156475
2020,Long Island,Suffolk,Nissequogue River,326777
2020,Long Island,Suffolk,Orient Beach St Pk,200848
2020,Long Island,Suffolk,Robert Moses St Pk,5934744
2020,Long Island,Suffolk,Sag Harbour,29626
2020,Long Island,Suffolk,Shadmore,167175
2020,Long Island,Suffolk,Sunken Meadow St Pk,3902163
2020,Long Island,Suffolk,Walt Whitman House,1705
2020,Long Island,Suffolk,Wildwood State Park,567233
2020,New York City,Bronx,Roberto Clemente,101443
2020,New York City,Kings,Marsha P. Johnson State Park (former East River State Park until 2020),630970
2020,New York City,Kings,Shirley Chisholm State Park,435549
2020,New York City,New York,Franklin D. Roosevelt Four Freedoms State Park,136431
2020,New York City,New York,Riverbank Fitness Cntr,4533
2020,New York City,New York,Riverbank Rollr-Ice Rnks,81146
2020,New York City,New York,Riverbank State Park,3143222
2020,New York City,Queens,Bayswater Point St Pk,12620
2020,New York City,Queens,Gantry Plaza,1407116
2020,New York City,Richmond,Clay Pit Ponds,44728
2020,Niagara,Erie,Beaver Island,340781
2020,Niagara,Erie,Big 6 Marina,62368
2020,Niagara,Erie,Buckhorn,41006
2020,Niagara,Erie,Buffalo Harbor St Pk & Marina,283077
2020,Niagara,Erie,Evangola St Pk,238710
2020,Niagara,Erie,Knox Farm Sp,512518
2020,Niagara,Erie,Woodlawn,148720
2020,Niagara,Niagara,Artpark,229672
2020,Niagara,Niagara,Deveaux Woods,50307
2020,Niagara,Niagara,Devils Hole,111084
2020,Niagara,Niagara,Four  Mile Creek,47275
2020,Niagara,Niagara,Ft Niagara (including boat launch),211171
2020,Niagara,Niagara,Golden Hill St Pk,73111
2020,Niagara,Niagara,Joseph Davis St Pk,46485
2020,Niagara,Niagara,Niagara Reservation,5973329
2020,Niagara,Niagara,Reservoir St Pk,63178
2020,Niagara,Niagara,Whirlpool,242852
2020,Niagara,Niagara,Wilson Tuscarora St Pk,223000
2020,Palisades,Orange,Fort Montgomery,42495
2020,Palisades,Orange,Goosepond Mountain,12007
2020,Palisades,Orange,Highland Lakes,14126
2020,Palisades,Orange,Knox Headquarters,9897
2020,Palisades,Orange,National Purple Heart Hall Of Honor,12650
2020,Palisades,Orange,New Windsor Cantonment,9679
2020,Palisades,Orange,Schunnemunk State Park,50934
2020,Palisades,Orange,Sterling Forest,305537
2020,Palisades,Orange,Storm King,33873
2020,Palisades,Orange,Washington Headquarters (including Tower of Victory),14798
2020,Palisades,Orange/Rockland,Anthony Wayne,79451
2020,Palisades,Orange/Rockland,Appalachian Trail,26219
2020,Palisades,Orange/Rockland,Bear Mountain St Pk,2201449
2020,Palisades,Orange/Rockland,Harriman Beaver Pond,46016
2020,Palisades,Orange/Rockland,Harriman Group Camp,32697
2020,Palisades,Orange/Rockland,Harriman Hiker Trail,257800
2020,Palisades,Orange/Rockland,Lake Welch,464793
2020,Palisades,Orange/Rockland,Sebago Lake,119659
2020,Palisades,Orange/Rockland,Tiorati,471823
2020,Palisades,Rockland,Blauvelt,36579
2020,Palisades,Rockland,Haverstraw Beach,17248
2020,Palisades,Rockland,High Tor St Pk,16363
2020,Palisades,Rockland,Hook Mountain,50752
2020,Palisades,Rockland,Nyack Beach St Pk,65071
2020,Palisades,Rockland,Palisades,19877
2020,Palisades,Rockland,Rockland Lake State Park,544436
2020,Palisades,Rockland,Stony Point Battlefield,32060
2020,Palisades,Rockland,Tallman Mountain St Pk,545969
2020,Palisades,Sullivan,Lake Superior,0
2020,Palisades,Ulster,Bristol Beach,11610
2020,Palisades,Ulster,Minnewaska Park,581154
2020,Palisades,Ulster,Sam's Point,97612
2020,Palisades,Ulster,Senate House,19793
2020,Palisades,Ulster,Sojourner Truth State Park,0
2020,Saratoga/Capital,Albany,John Boyd Thacher Pk,1132648
2020,Saratoga/Capital,Albany,Schuyler Mansion,5029
2020,Saratoga/Capital,Albany,Thompson Lake St Pk,64180
2020,Saratoga/Capital,Columbia,Hudson River Islands,0
2020,Saratoga/Capital,Delaware,John Burroughs Memorial,2183
2020,Saratoga/Capital,Essex,Crown Point,40057
2020,Saratoga/Capital,Essex,John Brown Farm,75091
2020,Saratoga/Capital,Fulton,Johnson Hall,90056
2020,Saratoga/Capital,Greene,Athens,0
2020,Saratoga/Capital,Greene,Coxsackie,0
2020,Saratoga/Capital,Montgomery,Schoharie Crossing,92703
2020,Saratoga/Capital,Rensselaer,Bennington Battlefield,20563
2020,Saratoga/Capital,Rensselaer,Cherry Plain St Pk,29220
2020,Saratoga/Capital,Rensselaer,Crailo,6571
2020,Saratoga/Capital,Rensselaer,Grafton Lakes St Pk,276883
2020,Saratoga/Capital,Rensselaer,Schodack Island,248485
2020,Saratoga/Capital,Saratoga,Grants Cottage,5411
2020,Saratoga/Capital,Saratoga,Moreau Lake St Pk,382819
2020,Saratoga/Capital,Saratoga,Peebles Island,57091
2020,Saratoga/Capital,Saratoga,Saratoga Lake Boat Lnch,76861
2020,Saratoga/Capital,Saratoga,Saratoga Springs (incl Victoria Pool & Golf Course),2278570
2020,Saratoga/Capital,Schoharie,Max V Shaul Campsite,37578
2020,Saratoga/Capital,Schoharie,Minekill,208662
2020,Saratoga/Capital,Washington,Lake Lauderdale *2,7718
2020,Taconic,Columbia,Clermont,177086
2020,Taconic,Columbia,Copake Falls,447836
2020,Taconic,Columbia,Lake Taghkanic St Park,203430
2020,Taconic,Columbia,Olana,150023
2020,Taconic,Dutchess,Clinton House,0
2020,Taconic,Dutchess,James Baird,111449
2020,Taconic,Dutchess,Mills Norrie St Pk,244492
2020,Taconic,Dutchess,Quiet Cove Riverfront Park,0
2020,Taconic,Dutchess,Rudd Pond,28063
2020,Taconic,Dutchess,Staatsburgh SHS,65112
2020,Taconic,Dutchess/Ulster,Walkway Over The Hudson,557672
2020,Taconic,Putnam,Clarence Fahnestock,325021
2020,Taconic,Putnam,Hudson Highlands,480802
2020,Taconic,Putnam,Taconic Outdoor Education Center,732
2020,Taconic,Westchester,F D Roosevelt,416890
2020,Taconic,Westchester,John Jay Homestead,56623
2020,Taconic,Westchester,Old Croton Aqueduct,1669439
2020,Taconic,Westchester,Peter Jay House (Jay Heritage Center),13395
2020,Taconic,Westchester,Philipse Manor,21521
2020,Taconic,Westchester,Rockefeller Preserve,556777
2020,Thousand Islands,Clinton,Cumberland Bay St Pk,34760
2020,Thousand Islands,Clinton,Great Chazy Boat Launch,16564
2020,Thousand Islands,Clinton,Macomb Reservation,29073
2020,Thousand Islands,Clinton,Point Au Roche,89843
2020,Thousand Islands,Clinton,Point Au Roche Boat Lau,11580
2020,Thousand Islands,Jefferson,Black River Trail,122283
2020,Thousand Islands,Jefferson,Burnham Pnt River Park,14053
2020,Thousand Islands,Jefferson,Canoe-Picnic Pnt River,8143
2020,Thousand Islands,Jefferson,Chaumont Boat Launch,33299
2020,Thousand Islands,Jefferson,Dewolf Point,17104
2020,Thousand Islands,Jefferson,Grass Pnt River Park,36486
2020,Thousand Islands,Jefferson,Keewaydin St Park,54973
2020,Thousand Islands,Jefferson,Kring Point,62026
2020,Thousand Islands,Jefferson,Long Point River Park,182140
2020,Thousand Islands,Jefferson,Mary Island River Park,3515
2020,Thousand Islands,Jefferson,Rock Island,6477
2020,Thousand Islands,Jefferson,Sackets Harbor Btl Field,52957
2020,Thousand Islands,Jefferson,Southwick Beach St Pk,148336
2020,Thousand Islands,Jefferson,Stony Creek,23951
2020,Thousand Islands,Jefferson,Waterson Point Docking,1804
2020,Thousand Islands,Jefferson,Wehle State Park,93048
2020,Thousand Islands,Jefferson,Wellesley Island St Pk,211266
2020,Thousand Islands,Jefferson,Westcott Beach St Pk,142744
2020,Thousand Islands,Lewis,Whetstone Gulf,77360
2020,Thousand Islands,St Lawrence,Black Lk Boat Launch,22505
2020,Thousand Islands,St Lawrence,Cedar Island River Park,1873
2020,Thousand Islands,St Lawrence,Cedar Pnt River Park,72472
2020,Thousand Islands,St Lawrence,Coles Creek,70435
2020,Thousand Islands,St Lawrence,Eel Weir St Park,4886
2020,Thousand Islands,St Lawrence,Higley Flow St Park,47185
2020,Thousand Islands,St Lawrence,Jacques Cartier St Pk,28793
2020,Thousand Islands,St Lawrence,Robert Moses St Pk,83515
2020,Thousand Islands,St Lawrence,St Lawrence Golf Course,11414
2020,Thousand Islands,St Lawrence,Wilson Hill Boat Launch,8704
2019,Allegany,Cattaraugus,Allegany Quaker Area,802727
2019,Allegany,Cattaraugus,Allegany Red House Area,718483
2019,Allegany,Chautauqua,Barcelona Lighthouse,17252
2019,Allegany,Chautauqua,Lake Erie St Pk,107355
2019,Allegany,Chautauqua,Long Point Marina,104645
2019,Allegany,Chautauqua,Midway State Park,81050
2019,Allegany,Chautauqua,Sunset Bay MarinePark,21237
2019,Central,Broome,Chenango Valley St Pk,214454
2019,Central,Broome/Delaware,Oquaga State Park,48054
2019,Central,Chenango,Bowman Lake St Pk,75582
2019,Central,Chenango,Hunts Pond State Park,0
2019,Central,Herkimer,Herkimer Home,6000
2019,Central,Madison,Chittenango Fls St Pk,194257
2019,Central,Madison,Lorenzo,45820
2019,Central,Madison,Old Erie Canal,141651
2019,Central,Oneida,Delta Lake St Pk,268084
2019,Central,Oneida,Oriskany Battlefield,14488
2019,Central,Oneida,Pixley Falls State Park,44597
2019,Central,Oneida,Steuben Memorial,5171
2019,Central,Oneida,Verona Beach State Park,152681
2019,Central,Onondaga,Clark Reservation,163346
2019,Central,Onondaga,Green Lakes State Park,1103261
2019,Central,Onondaga,State Park at the Fair *1,1329275
2019,Central,Oswego,Battle Isl Golf Course,28377
2019,Central,Oswego,Fort Ontario,123852
2019,Central,Oswego,Mexico Point Boat Launch,11520
2019,Central,Oswego,Pine Grove Boatlaunch,8584
2019,Central,Oswego,Sandy Island Beach,18842
2019,Central,Oswego,Selkirk Shores,96448
2019,Central,Otsego,Betty And Wilbur Davis State Park,18562
2019,Central,Otsego,Canadarago Boat Lnch,17129
2019,Central,Otsego,Gilbert Lake St Pk,202304
2019,Central,Otsego,Glimmerglass State Park,173453
2019,Finger Lakes,Cayuga,Fair Haven St Pk,294544
2019,Finger Lakes,Cayuga,Fillmore Glen St Pk,111272
2019,Finger Lakes,Cayuga,Long Point St Pk,50021
2019,Finger Lakes,Cayuga,Springbrook Greens,221
2019,Finger Lakes,Chemung,Mark Twain State Park and Soaring Eagles Golf Course,25066
2019,Finger Lakes,Chemung,Newtown Battlefield,46609
2019,Finger Lakes,Ontario,Canadaigua Btlau Ontrio,42005
2019,Finger Lakes,Ontario,Ganondagan,49318
2019,Finger Lakes,Ontario,H H Spencer,56108
2019,Finger Lakes,Ontario,Honeoye Bt Lau,41599
2019,Finger Lakes,Ontario,Sonnenberg Gardens and Mansion,34129
2019,Finger Lakes,Ontario/Seneca,Seneca Lake St Pk,140148
2019,Finger Lakes,Schuyler,Watkins Glen St Pk,1037138
2019,Finger Lakes,Seneca,Bonavista Golf Course,3890
2019,Finger Lakes,Seneca,Cayuga Lake St Pk,167289
2019,Finger Lakes,Seneca,Deans Cove Boat Launch,20993
2019,Finger Lakes,Seneca,Lodi Point Marina/Boat,19807
2019,Finger Lakes,Seneca,Sampson St Pk,165614
2019,Finger Lakes,Steuben,Indian Hills Golf Course,18331
2019,Finger Lakes,Steuben,Pinnacle State Park and Golf Course,0
2019,Finger Lakes,Steuben,Stony Brook St Pk,176169
2019,Finger Lakes,Tompkins,Allan Treman Marina,355313
2019,Finger Lakes,Tompkins,Buttermilk Falls St Pk,326156
2019,Finger Lakes,Tompkins,Robert H Treman St Pk,369121
2019,Finger Lakes,Tompkins,Taughannock Falls St Pk,577391
2019,Finger Lakes,Wayne,Beechwood,0
2019,Finger Lakes,Wayne,Chimney Bluffs,80599
2019,Finger Lakes,Yates,Keuka Lake St Pk,116615
2019,Genesee,Genesee,Darien Lakes State Park,79019
2019,Genesee,Livingston,Conesus Lake Boat Launch,33469
2019,Genesee,Livingston/Wyoming,Letchworth State Park,841681
2019,Genesee,Monore/Livingston/Wyoming/Allegany/Cattaraugus,Genesee Valley Greenway,50133
2019,Genesee,Monroe,Braddock Bay,37552
2019,Genesee,Monroe,Durand Eastman,0
2019,Genesee,Monroe,Genesee River Park,984
2019,Genesee,Monroe,Hamlin Beach State Park,345821
2019,Genesee,Monroe,Irondquoit Bay Boat Lnch,38653
2019,Genesee,Orleans,Lakeside Beach St Pk,100587
2019,Genesee,Orleans,Oak Orchard Boat Launch,6992
2019,Genesee,Wyoming,Silver Lake,27031
2019,Long Island,Nassau,Bethpage Golf Course,848486
2019,Long Island,Nassau,Brentwood Sp,690867
2019,Long Island,Nassau,Hempstead Lake St Pk,397585
2019,Long Island,Nassau,Jones Beach,8156628
2019,Long Island,Nassau,Planting Fields A,312574
2019,Long Island,Nassau,Trailview,157257
2019,Long Island,Nassau,Valley Stream St Pk,331673
2019,Long Island,Suffolk,Amsterdam Beach,13860
2019,Long Island,Suffolk,Bayard C. A.,442658
2019,Long Island,Suffolk,Belmont Lakes St Pk,908222
2019,Long Island,Suffolk,Brookhaven State Park,78316
2019,Long Island,Suffolk,Caleb Smith State Park,69959
2019,Long Island,Suffolk,Camp Hero,286671
2019,Long Island,Suffolk,Captree St Pk,1369277
2019,Long Island,Suffolk,Caumsett St Pk,523476
2019,Long Island,Suffolk,Cold Spring Harbor,174863
2019,Long Island,Suffolk,Connetquot River St Pk,250562
2019,Long Island,Suffolk,Hallock St Pk Preserve,24826
2019,Long Island,Suffolk,Heckscher St Park,1133307
2019,Long Island,Suffolk,Hither Hills,497769
2019,Long Island,Suffolk,Montauk Downs,89434
2019,Long Island,Suffolk,Montauk Point,1104315
2019,Long Island,Suffolk,Napeague State Park,113260
2019,Long Island,Suffolk,Nissequogue River,272750
2019,Long Island,Suffolk,Orient Beach St Pk,180137
2019,Long Island,Suffolk,Robert Moses St Pk,4269163
2019,Long Island,Suffolk,Sag Harbour,21968
2019,Long Island,Suffolk,Shadmore,107760
2019,Long Island,Suffolk,Sunken Meadow St Pk,3602722
2019,Long Island,Suffolk,Walt Whitman House,7053
2019,Long Island,Suffolk,Wildwood State Park,447597
2019,New York City,Bronx,Roberto Clemente,339868
2019,New York City,Kings,Empire Fulton Ferry,0
2019,New York City,Kings,Marsha P. Johnson State Park (former East River State Park until 2020),1609568
2019,New York City,Kings,Shirley Chisholm State Park,111849
2019,New York City,New York,Franklin D. Roosevelt Four Freedoms State Park,255473
2019,New York City,New York,Riverbank Fitness Cntr,22346
2019,New York City,New York,Riverbank Rollr-Ice Rnks,446650
2019,New York City,New York,Riverbank State Park,3020622
2019,New York City,Queens,Bayswater Point St Pk,11868
2019,New York City,Queens,Gantry Plaza,1898951
2019,New York City,Richmond,Clay Pit Ponds,47060
2019,Niagara,Erie,Beaver Island,306395
2019,Niagara,Erie,Big 6 Marina,68118
2019,Niagara,Erie,Buckhorn,38894
2019,Niagara,Erie,Buffalo Harbor St Pk & Marina,261682
2019,Niagara,Erie,Evangola St Pk,189593
2019,Niagara,Erie,Knox Farm Sp,292815
2019,Niagara,Erie,Woodlawn,0
2019,Niagara,Niagara,Artpark,321427
2019,Niagara,Niagara,Deveaux Woods,105175
2019,Niagara,Niagara,Devils Hole,161137
2019,Niagara,Niagara,Four  Mile Creek,81822
2019,Niagara,Niagara,Ft Niagara (including boat launch),474077
2019,Niagara,Niagara,Golden Hill St Pk,73554
2019,Niagara,Niagara,Joseph Davis St Pk,6
2019,Niagara,Niagara,Niagara Reservation,9596491
2019,Niagara,Niagara,Reservoir St Pk,162847
2019,Niagara,Niagara,Whirlpool,417994
2019,Niagara,Niagara,Wilson Tuscarora St Pk,218596
2019,Palisades,Orange,Fort Montgomery,30970
2019,Palisades,Orange,Goosepond Mountain,5894
2019,Palisades,Orange,Highland Lakes,8308
2019,Palisades,Orange,Knox Headquarters,12535
2019,Palisades,Orange,National Purple Heart Hall Of Honor,18564
2019,Palisades,Orange,New Windsor Cantonment,20985
2019,Palisades,Orange,Schunnemunk State Park,50410
2019,Palisades,Orange,Sterling Forest,309492
2019,Palisades,Orange,Storm King,14239
2019,Palisades,Orange,Washington Headquarters (including Tower of Victory),33280
2019,Palisades,Orange/Rockland,Anthony Wayne,83463
2019,Palisades,Orange/Rockland,Appalachian Trail,16146
2019,Palisades,Orange/Rockland,Bear Mountain St Pk,2230956
2019,Palisades,Orange/Rockland,Harriman Beaver Pond,75051
2019,Palisades,Orange/Rockland,Harriman Group Camp,191153
2019,Palisades,Orange/Rockland,Harriman Hiker Trail,118189
2019,Palisades,Orange/Rockland,Lake Welch,312213
2019,Palisades,Orange/Rockland,Sebago Lake,81226
2019,Palisades,Orange/Rockland,Tiorati,261656
2019,Palisades,Rockland,Blauvelt,31420
2019,Palisades,Rockland,Haverstraw Beach,22266
2019,Palisades,Rockland,High Tor St Pk,24373
2019,Palisades,Rockland,Hook Mountain,27528
2019,Palisades,Rockland,Nyack Beach St Pk,121064
2019,Palisades,Rockland,Palisades,17206
2019,Palisades,Rockland,Rockland Lake State Park,574143
2019,Palisades,Rockland,Stony Point Battlefield,35533
2019,Palisades,Rockland,Tallman Mountain St Pk,361922
2019,Palisades,Sullivan,Lake Superior,11794
2019,Palisades,Ulster,Bristol Beach,10319
2019,Palisades,Ulster,Minnewaska Park,398406
2019,Palisades,Ulster,Sam's Point,86437
2019,Palisades,Ulster,Senate House,38595
2019,Palisades,Ulster,Sojourner Truth State Park,0
2019,Saratoga/Capital,Albany,John Boyd Thacher Pk,610599
2019,Saratoga/Capital,Albany,Schuyler Mansion,15206
2019,Saratoga/Capital,Albany,Thompson Lake St Pk,66275
2019,Saratoga/Capital,Columbia,Hudson River Islands,0
2019,Saratoga/Capital,Delaware,John Burroughs Memorial,1021
2019,Saratoga/Capital,Essex,Crown Point,29033
2019,Saratoga/Capital,Essex,John Brown Farm,56638
2019,Saratoga/Capital,Fulton,Johnson Hall,60354
2019,Saratoga/Capital,Greene,Athens,13404
2019,Saratoga/Capital,Greene,Coxsackie,72426
2019,Saratoga/Capital,Montgomery,Schoharie Crossing,89021
2019,Saratoga/Capital,Rensselaer,Bennington Battlefield,29859
2019,Saratoga/Capital,Rensselaer,Cherry Plain St Pk,23790
2019,Saratoga/Capital,Rensselaer,Crailo,5776
2019,Saratoga/Capital,Rensselaer,Grafton Lakes St Pk,261190
2019,Saratoga/Capital,Rensselaer,Schodack Island,207678
2019,Saratoga/Capital,Saratoga,Grants Cottage,5008
2019,Saratoga/Capital,Saratoga,Moreau Lake St Pk,347290
2019,Saratoga/Capital,Saratoga,Peebles Island,51218
2019,Saratoga/Capital,Saratoga,Saratoga Lake Boat Lnch,111352
2019,Saratoga/Capital,Saratoga,Saratoga Springs (incl Victoria Pool & Golf Course),3065622
2019,Saratoga/Capital,Schoharie,Max V Shaul Campsite,34083
2019,Saratoga/Capital,Schoharie,Minekill,149981
2019,Saratoga/Capital,Washington,Lake Lauderdale *2,8588
2019,Taconic,Columbia,Clermont,92759
2019,Taconic,Columbia,Copake Falls,315626
2019,Taconic,Columbia,Lake Taghkanic St Park,185282
2019,Taconic,Columbia,Olana,160936
2019,Taconic,Dutchess,Clinton House,0
2019,Taconic,Dutchess,James Baird,107659
2019,Taconic,Dutchess,Mills Norrie St Pk,199967
2019,Taconic,Dutchess,Quiet Cove Riverfront Park,28503
2019,Taconic,Dutchess,Rudd Pond,17936
2019,Taconic,Dutchess,Staatsburgh SHS,55067
2019,Taconic,Dutchess/Ulster,Walkway Over The Hudson,621280
2019,Taconic,Putnam,Clarence Fahnestock,312606
2019,Taconic,Putnam,Hudson Highlands,477864
2019,Taconic,Putnam,Taconic Outdoor Education Center,894
2019,Taconic,Westchester,F D Roosevelt,572102
2019,Taconic,Westchester,John Jay Homestead,77119
2019,Taconic,Westchester,Old Croton Aqueduct,1242593
2019,Taconic,Westchester,Peter Jay House (Jay Heritage Center),15742
2019,Taconic,Westchester,Philipse Manor,29252
2019,Taconic,Westchester,Rockefeller Preserve,414211
2019,Thousand Islands,Clinton,Cumberland Bay St Pk,55420
2019,Thousand Islands,Clinton,Great Chazy Boat Launch,16314
2019,Thousand Islands,Clinton,Macomb Reservation,32498
2019,Thousand Islands,Clinton,Point Au Roche,75302
2019,Thousand Islands,Clinton,Point Au Roche Boat Lau,14213
2019,Thousand Islands,Jefferson,Black River Trail,104340
2019,Thousand Islands,Jefferson,Burnham Pnt River Park,12703
2019,Thousand Islands,Jefferson,Canoe-Picnic Pnt River,8744
2019,Thousand Islands,Jefferson,Chaumont Boat Launch,38766
2019,Thousand Islands,Jefferson,Dewolf Point,14064
2019,Thousand Islands,Jefferson,Grass Pnt River Park,36632
2019,Thousand Islands,Jefferson,Keewaydin St Park,56769
2019,Thousand Islands,Jefferson,Kring Point,50483
2019,Thousand Islands,Jefferson,Long Point River Park,35362
2019,Thousand Islands,Jefferson,Mary Island River Park,2619
2019,Thousand Islands,Jefferson,Rock Island,6898
2019,Thousand Islands,Jefferson,Sackets Harbor Btl Field,83642
2019,Thousand Islands,Jefferson,Southwick Beach St Pk,84212
2019,Thousand Islands,Jefferson,Stony Creek,22460
2019,Thousand Islands,Jefferson,Waterson Point Docking,1613
2019,Thousand Islands,Jefferson,Wehle State Park,84845
2019,Thousand Islands,Jefferson,Wellesley Island St Pk,200937
2019,Thousand Islands,Jefferson,Westcott Beach St Pk,106727
2019,Thousand Islands,Lewis,Whetstone Gulf,42067
2019,Thousand Islands,St Lawrence,Black Lk Boat Launch,13969
2019,Thousand Islands,St Lawrence,Cedar Island River Park,2126
2019,Thousand Islands,St Lawrence,Cedar Pnt River Park,72059
2019,Thousand Islands,St Lawrence,Coles Creek,81993
2019,Thousand Islands,St Lawrence,Eel Weir St Park,4583
2019,Thousand Islands,St Lawrence,Higley Flow St Park,44892
2019,Thousand Islands,St Lawrence,Jacques Cartier St Pk,27979
2019,Thousand Islands,St Lawrence,Robert Moses St Pk,114065
2019,Thousand Islands,St Lawrence,St Lawrence Golf Course,8019
2019,Thousand Islands,St Lawrence,Wilson Hill Boat Launch,8406
2018,Allegany,Cattaraugus,Allegany Quaker Area,797641
2018,Allegany,Cattaraugus,Allegany Red House Area,712217
2018,Allegany,Chautauqua,Barcelona Lighthouse,21605
2018,Allegany,Chautauqua,Lake Erie St Pk,112011
2018,Allegany,Chautauqua,Long Point Marina,115745
2018,Allegany,Chautauqua,Midway State Park,84959
2018,Allegany,Chautauqua,Sunset Bay MarinePark,27298
2018,Central,Broome,Chenango Valley St Pk,218281
2018,Central,Broome/Delaware,Oquaga State Park,56002
2018,Central,Chenango,Bowman Lake St Pk,61881
2018,Central,Herkimer,Herkimer Home,6916
2018,Central,Madison,Chittenango Fls St Pk,115175
2018,Central,Madison,Lorenzo,49095
2018,Central,Oneida,Delta Lake St Pk,340761
2018,Central,Oneida,Oriskany Battlefield,4946
2018,Central,Oneida,Pixley Falls State Park,35148
2018,Central,Oneida,Steuben Memorial,957
2018,Central,Oneida,Verona Beach State Park,211043
2018,Central,Onondaga,Clark Reservation,132044
2018,Central,Onondaga,Green Lakes State Park,1101679
2018,Central,Onondaga,State Park at the Fair *1,1279010
2018,Central,Onondaga/Madison/Oneida,Old Erie Canal,203597
2018,Central,Oswego,Battle Isl Golf Course,29152
2018,Central,Oswego,Betty And Wilbur Davis State Park,31808
2018,Central,Oswego,Mexico Point Boat Launch,14753
2018,Central,Oswego,Pine Grove Boatlaunch,11384
2018,Central,Oswego,Sandy Island Beach,25364
2018,Central,Oswego,Selkirk Shores,112422
2018,Central,Otsego,Canadarago Boat Lnch,17048
2018,Central,Otsego,Gilbert Lake St Pk,123097
2018,Central,Otsego,Glimmerglass State Park,185367
2018,Central,Tompkins,Fort Ontario,150920
2018,Finger Lakes,Cayuga,Fair Haven St Pk,296438
2018,Finger Lakes,Cayuga,Fillmore Glen St Pk,120731
2018,Finger Lakes,Cayuga,Long Point St Pk,51515
2018,Finger Lakes,Chemung,Mark Twain State Park and Soaring Eagles Golf Course,23148
2018,Finger Lakes,Chemung,Newtown Battlefield,50709
2018,Finger Lakes,Ontario,Ganondagan,50170
2018,Finger Lakes,Ontario,H H Spencer,51860
2018,Finger Lakes,Ontario,Honeoye Bt Lau,46817
2018,Finger Lakes,Ontario/Seneca,Seneca Lake St Pk,151380
2018,Finger Lakes,Schuyler,Watkins Glen St Pk,973972
2018,Finger Lakes,Seneca,Bonavista Golf Course,8282
2018,Finger Lakes,Seneca,Cayuga Lake St Pk,167862
2018,Finger Lakes,Seneca,Lodi Point Marina/Boat,25461
2018,Finger Lakes,Seneca,Sampson St Pk,180254
2018,Finger Lakes,Steuben,Indian Hills Golf Course,13160
2018,Finger Lakes,Steuben,Pinnacle State Park and Golf Course,55
2018,Finger Lakes,Steuben,Stony Brook St Pk,173719
2018,Finger Lakes,Tompkins,Allan Treman Marina,291507
2018,Finger Lakes,Tompkins,Buttermilk Falls St Pk,304250
2018,Finger Lakes,Tompkins,Robert H Treman St Pk,350890
2018,Finger Lakes,Tompkins,Taughannock Falls St Pk,479305
2018,Finger Lakes,Wayne,Canadaigua Btlau Ontrio,47850
2018,Finger Lakes,Wayne,Chimney Bluffs,71221
2018,Finger Lakes,Wayne,Deans Cove Boat Launch,19480
2018,Finger Lakes,Yates,Keuka Lake St Pk,117209
2018,Finger Lakes,,Sonnenberg Gardens and Mansion,34329
2018,Finger Lakes,,Springbrook Greens,2159
2018,Genesee,Allegany/Cattaraugus/Livingston/Monroe,Genesee Valley Greenway,47726
2018,Genesee,Genesee,Darien Lakes State Park,80092
2018,Genesee,Livingston,Conesus Lake Boat Launch,24794
2018,Genesee,Livingston/Wyoming,Letchworth State Park,808167
2018,Genesee,Monroe,Braddock Bay,32587
2018,Genesee,Monroe,Genesee River Park,1290
2018,Genesee,Monroe,Hamlin Beach State Park,324264
2018,Genesee,Monroe,Irondquoit Bay Boat Lnch,35478
2018,Genesee,Orleans,Lakeside Beach St Pk,90345
2018,Genesee,Orleans,Oak Orchard Boat Launch,7317
2018,Genesee,Wyoming,Silver Lake,19527
2018,Long Island,Nassau,Hempstead Lake St Pk,368362
2018,Long Island,Nassau,Jones Beach,8501395
2018,Long Island,Nassau,Planting Fields A,252376
2018,Long Island,Nassau,Valley Stream St Pk,297375
2018,Long Island,Nassau/Suffolk,Bethpage Golf Course,719509
2018,Long Island,Nassau/Suffolk,Trailview,151539
2018,Long Island,Suffolk,Amsterdam Beach,14994
2018,Long Island,Suffolk,Bayard C. A.,350940
2018,Long Island,Suffolk,Belmont Lakes St Pk,858429
2018,Long Island,Suffolk,Brentwood Sp,801603
2018,Long Island,Suffolk,Brookhaven State Park,55581
2018,Long Island,Suffolk,Caleb Smith State Park,56252
2018,Long Island,Suffolk,Camp Hero,257965
2018,Long Island,Suffolk,Captree St Pk,1123681
2018,Long Island,Suffolk,Caumsett St Pk,505155
2018,Long Island,Suffolk,Cold Spring Harbor,171885
2018,Long Island,Suffolk,Connetquot River St Pk,264289
2018,Long Island,Suffolk,Hallock St Pk Preserve,22261
2018,Long Island,Suffolk,Heckscher St Park,1091829
2018,Long Island,Suffolk,Hither Hills,608630
2018,Long Island,Suffolk,Montauk Downs,97250
2018,Long Island,Suffolk,Montauk Point,995485
2018,Long Island,Suffolk,Napeague State Park,120190
2018,Long Island,Suffolk,Nissequogue River,227169
2018,Long Island,Suffolk,Orient Beach St Pk,243593
2018,Long Island,Suffolk,Robert Moses St Pk,3674639
2018,Long Island,Suffolk,Sag Harbour,22272
2018,Long Island,Suffolk,Shadmore,114490
2018,Long Island,Suffolk,Sunken Meadow St Pk,3193085
2018,Long Island,Suffolk,Walt Whitman House,4304
2018,Long Island,Suffolk,Wildwood State Park,455561
2018,New York City,Bronx,Roberto Clemente,329375
2018,New York City,Kings,Marsha P. Johnson State Park (former East River State Park until 2020),1398926
2018,New York City,New York,Franklin D. Roosevelt Four Freedoms State Park,208367
2018,New York City,New York,Riverbank Fitness Cntr,19841
2018,New York City,New York,Riverbank Rollr-Ice Rnks,436882
2018,New York City,New York,Riverbank State Park,3643242
2018,New York City,Queens,Bayswater Point St Pk,18768
2018,New York City,Queens,Gantry Plaza,1287414
2018,New York City,Richmond,Clay Pit Ponds,44113
2018,Niagara,Erie,Beaver Island,337605
2018,Niagara,Erie,Big 6 Marina,76765
2018,Niagara,Erie,Buckhorn,38934
2018,Niagara,Erie,Buffalo Harbor St Pk & Marina,254678
2018,Niagara,Erie,Evangola St Pk,185142
2018,Niagara,Erie,Knox Farm Sp,316121
2018,Niagara,Niagara,Artpark,339910
2018,Niagara,Niagara,Deveaux Woods,101088
2018,Niagara,Niagara,Devils Hole,162774
2018,Niagara,Niagara,Four  Mile Creek,87439
2018,Niagara,Niagara,Ft Niagara (including boat launch),691166
2018,Niagara,Niagara,Golden Hill St Pk,79024
2018,Niagara,Niagara,Joseph Davis St Pk,50
2018,Niagara,Niagara,Niagara Reservation,9516147
2018,Niagara,Niagara,Reservoir St Pk,162936
2018,Niagara,Niagara,Whirlpool,412289
2018,Niagara,St Lawrence,Wilson Tuscarora St Pk,221444
2018,Palisades,Dutchess/Orange/Putnam/Rockland,Appalachian Trail,17199
2018,Palisades,Orange,Fort Montgomery,31615
2018,Palisades,Orange,Goosepond Mountain,6227
2018,Palisades,Orange,Highland Lakes,8822
2018,Palisades,Orange,Knox Headquarters,12889
2018,Palisades,Orange,National Purple Heart Hall Of Honor,18776
2018,Palisades,Orange,New Windsor Cantonment,19656
2018,Palisades,Orange,Sam's Point,82475
2018,Palisades,Orange,Schunnemunk State Park,48950
2018,Palisades,Orange,Tiorati,199038
2018,Palisades,Orange,Washington Headquarters,24099
2018,Palisades,Orange/Rockland,Bear Mountain St Pk,2127572
2018,Palisades,Orange/Rockland,Harriman Group Camp,184657
2018,Palisades,Orange/Rockland,Harriman Hiker Trail,126330
2018,Palisades,Orange/Rockland,Sterling Forest,297659
2018,Palisades,Orange/Rockland/Ulster,Sebago Lake,69498
2018,Palisades,Orange/Ulster,Senate House,45454
2018,Palisades,Rockland,Anthony Wayne,70411
2018,Palisades,Rockland,Blauvelt,36769
2018,Palisades,Rockland,Harriman Beaver Pond,72970
2018,Palisades,Rockland,Haverstraw Beach,23725
2018,Palisades,Rockland,High Tor St Pk,20190
2018,Palisades,Rockland,Hook Mountain,28908
2018,Palisades,Rockland,Lake Welch,282757
2018,Palisades,Rockland,Nyack Beach St Pk,131195
2018,Palisades,Rockland,Palisades,20121
2018,Palisades,Rockland,Rockland Lake State Park,482295
2018,Palisades,Rockland,Tallman Mountain St Pk,378361
2018,Palisades,Rockland/Orange,Stony Point Battlefield,28514
2018,Palisades,Rockland/Orange,Storm King,14505
2018,Palisades,Sullivan,Lake Superior,10842
2018,Palisades,Ulster,Bristol Beach,8292
2018,Palisades,Ulster,Minnewaska Park,370884
2018,Palisades,Ulster,Sojourner Truth State Park,0
2018,Saratoga/Capital,Albany,John Boyd Thacher Pk,542218
2018,Saratoga/Capital,Albany,Schuyler Mansion,10889
2018,Saratoga/Capital,Albany,Thompson Lake St Pk,61820
2018,Saratoga/Capital,Columbia,Lake Lauderdale *2,14021
2018,Saratoga/Capital,Delaware,John Burroughs Memorial,975
2018,Saratoga/Capital,Essex,Crown Point,26825
2018,Saratoga/Capital,Essex,John Brown Farm,60600
2018,Saratoga/Capital,Fulton,Johnson Hall,58884
2018,Saratoga/Capital,Montgomery,Schoharie Crossing,68382
2018,Saratoga/Capital,Rensselaer,Bennington Battlefield,25950
2018,Saratoga/Capital,Rensselaer,Cherry Plain St Pk,23758
2018,Saratoga/Capital,Rensselaer,Crailo,8387
2018,Saratoga/Capital,Rensselaer,Grafton Lakes St Pk,267637
2018,Saratoga/Capital,Rensselaer,Schodack Island,194377
2018,Saratoga/Capital,Saratoga,Grants Cottage,7585
2018,Saratoga/Capital,Saratoga,Peebles Island,58318
2018,Saratoga/Capital,Saratoga,Saratoga Lake Boat Lnch,74902
2018,Saratoga/Capital,Saratoga,Saratoga Springs (incl Victoria Pool & Golf Course),2937683
2018,Saratoga/Capital,Saratoga/Warren,Moreau Lake St Pk,309775
2018,Saratoga/Capital,Schoharie,Max V Shaul Campsite,17804
2018,Saratoga/Capital,Schoharie,Minekill,129605
2018,Taconic,Columbia,Clermont,89424
2018,Taconic,Columbia,Copake Falls,308359
2018,Taconic,Columbia,Lake Taghkanic St Park,183099
2018,Taconic,Columbia,Olana,175017
2018,Taconic,Columbia/Dutchess,Rudd Pond,17785
2018,Taconic,Dutchess,James Baird,104351
2018,Taconic,Dutchess,Mills Norrie St Pk,167795
2018,Taconic,Dutchess,Quiet Cove Riverfront Park,4031
2018,Taconic,Dutchess,Staatsburgh SHS,55339
2018,Taconic,Dutchess/Putnam,Hudson Highlands,376794
2018,Taconic,Dutchess/Ulster,Walkway Over The Hudson,558224
2018,Taconic,Putnam,Clarence Fahnestock,266258
2018,Taconic,Putnam,Taconic Outdoor Education Center,9485
2018,Taconic,Westchester,F D Roosevelt,349318
2018,Taconic,Westchester,John Jay Homestead,80841
2018,Taconic,Westchester,Old Croton Aqueduct,1125953
2018,Taconic,Westchester,Peter Jay House (Jay Heritage Center),3652
2018,Taconic,Westchester,Philipse Manor,28968
2018,Taconic,Westchester,Rockefeller Preserve,384837
2018,Thousand Islands,Clinton,Cumberland Bay St Pk,59104
2018,Thousand Islands,Clinton,Great Chazy Boat Launch,18183
2018,Thousand Islands,Clinton,Macomb Reservation,30616
2018,Thousand Islands,Clinton,Point Au Roche,80299
2018,Thousand Islands,Clinton,Point Au Roche Boat Lau,16717
2018,Thousand Islands,Jefferson,Black River Trail,101404
2018,Thousand Islands,Jefferson,Burnham Pnt River Park,11996
2018,Thousand Islands,Jefferson,Canoe-Picnic Pnt River,9338
2018,Thousand Islands,Jefferson,Cedar Pnt River Park,82941
2018,Thousand Islands,Jefferson,Chaumont Boat Launch,40869
2018,Thousand Islands,Jefferson,Dewolf Point,17396
2018,Thousand Islands,Jefferson,Grass Pnt River Park,42489
2018,Thousand Islands,Jefferson,Keewaydin St Park,60342
2018,Thousand Islands,Jefferson,Kring Point,52236
2018,Thousand Islands,Jefferson,Long Point River Park,36689
2018,Thousand Islands,Jefferson,Mary Island River Park,2295
2018,Thousand Islands,Jefferson,Rock Island,7305
2018,Thousand Islands,Jefferson,Sackets Harbor Btl Field,73121
2018,Thousand Islands,Jefferson,Southwick Beach St Pk,114713
2018,Thousand Islands,Jefferson,Stony Creek,23365
2018,Thousand Islands,Jefferson,Waterson Point Docking,1848
2018,Thousand Islands,Jefferson,Wehle State Park,76479
2018,Thousand Islands,Jefferson,Wellesley Island St Pk,222841
2018,Thousand Islands,Jefferson,Westcott Beach St Pk,112096
2018,Thousand Islands,Lewis,Whetstone Gulf,106384
2018,Thousand Islands,St Lawrence,Black Lk Boat Launch,29230
2018,Thousand Islands,St Lawrence,Cedar Island River Park,1619
2018,Thousand Islands,St Lawrence,Coles Creek,95297
2018,Thousand Islands,St Lawrence,Eel Weir St Park,3922
2018,Thousand Islands,St Lawrence,Higley Flow St Park,50121
2018,Thousand Islands,St Lawrence,Jacques Cartier St Pk,26147
2018,Thousand Islands,St Lawrence,Robert Moses St Pk,114462
2018,Thousand Islands,St Lawrence,St Lawrence Golf Course,6791
2018,Thousand Islands,St Lawrence,Wilson Hill Boat Launch,8244
2017,Allegany,Cattaraugus,Allegany Quaker Area,781567
2017,Allegany,Cattaraugus,Allegany Red House Area,730926
2017,Allegany,Chautauqua,Barcelona Lighthouse,17368
2017,Allegany,Chautauqua,Lake Erie St Pk,108403
2017,Allegany,Chautauqua,Long Point Marina,118745
2017,Allegany,Chautauqua,Midway State Park,82942
2017,Allegany,Chautauqua,Sunset Bay MarinePark,16862
2017,Central,Broome,Chenango Valley St Pk,191550
2017,Central,Broome/Delaware,Oquaga State Park,36962
2017,Central,Chenango,Bowman Lake St Pk,44353
2017,Central,Herkimer,Herkimer Home,1017
2017,Central,Madison,Chittenango Fls St Pk,103342
2017,Central,Madison,Lorenzo,33722
2017,Central,Oneida,Delta Lake St Pk,267273
2017,Central,Oneida,Oriskany Battlefield,9053
2017,Central,Oneida,Pixley Falls State Park,36847
2017,Central,Oneida,Steuben Memorial,0
2017,Central,Oneida,Verona Beach State Park,247016
2017,Central,Onondaga,Clark Reservation,114891
2017,Central,Onondaga,Green Lakes State Park,829713
2017,Central,Onondaga,State Park at the Fair *1,1161912
2017,Central,Onondaga/Madison/Oneida,Old Erie Canal,111488
2017,Central,Oswego,Battle Isl Golf Course,29135
2017,Central,Oswego,Betty And Wilbur Davis State Park,35624
2017,Central,Oswego,Mexico Point Boat Launch,5413
2017,Central,Oswego,Pine Grove Boatlaunch,9173
2017,Central,Oswego,Sandy Island Beach,20577
2017,Central,Oswego,Selkirk Shores,99946
2017,Central,Otsego,Canadarago Boat Lnch,17206
2017,Central,Otsego,Gilbert Lake St Pk,106194
2017,Central,Otsego,Glimmerglass State Park,159331
2017,Central,Tompkins,Fort Ontario,97649
2017,Finger Lakes,Cayuga,Fair Haven St Pk,262202
2017,Finger Lakes,Cayuga,Fillmore Glen St Pk,90789
2017,Finger Lakes,Cayuga,Long Point St Pk,33795
2017,Finger Lakes,Chemung,Mark Twain State Park and Soaring Eagles Golf Course,118166
2017,Finger Lakes,Chemung,Newtown Battlefield,52532
2017,Finger Lakes,Ontario,Ganondagan,51764
2017,Finger Lakes,Ontario,H H Spencer,47747
2017,Finger Lakes,Ontario,Honeoye Bt Lau,52811
2017,Finger Lakes,Ontario/Seneca,Seneca Lake St Pk,187897
2017,Finger Lakes,Schuyler,Watkins Glen St Pk,786594
2017,Finger Lakes,Seneca,Bonavista Golf Course,5088
2017,Finger Lakes,Seneca,Cayuga Lake St Pk,154293
2017,Finger Lakes,Seneca,Lodi Point Marina/Boat,37654
2017,Finger Lakes,Seneca,Sampson St Pk,161304
2017,Finger Lakes,Steuben,Indian Hills Golf Course,20261
2017,Finger Lakes,Steuben,Pinnacle State Park and Golf Course,1007
2017,Finger Lakes,Steuben,Stony Brook St Pk,174768
2017,Finger Lakes,Tompkins,Allan Treman Marina,311260
2017,Finger Lakes,Tompkins,Buttermilk Falls St Pk,292488
2017,Finger Lakes,Tompkins,Robert H Treman St Pk,338428
2017,Finger Lakes,Tompkins,Taughannock Falls St Pk,573970
2017,Finger Lakes,Wayne,Canadaigua Btlau Ontrio,47525
2017,Finger Lakes,Wayne,Chimney Bluffs,99100
2017,Finger Lakes,Wayne,Deans Cove Boat Launch,17572
2017,Finger Lakes,Yates,Keuka Lake St Pk,116542
2017,Finger Lakes,,Sonnenberg Gardens and Mansion,39000
2017,Finger Lakes,,Springbrook Greens,5002
2017,Genesee,Allegany/Cattaraugus/Livingston/Monroe,Genesee Valley Greenway,45401
2017,Genesee,Genesee,Darien Lakes State Park,76016
2017,Genesee,Livingston,Conesus Lake Boat Launch,24855
2017,Genesee,Livingston/Wyoming,Letchworth State Park,834033
2017,Genesee,Monroe,Braddock Bay,28860
2017,Genesee,Monroe,Genesee River Park,1132
2017,Genesee,Monroe,Hamlin Beach State Park,302246
2017,Genesee,Monroe,Irondquoit Bay Boat Lnch,30626
2017,Genesee,Orleans,Lakeside Beach St Pk,89518
2017,Genesee,Orleans,Oak Orchard Boat Launch,4874
2017,Genesee,Wyoming,Silver Lake,22062
2017,Long Island,Nassau,Hempstead Lake St Pk,373479
2017,Long Island,Nassau,Jones Beach,5947537
2017,Long Island,Nassau,Planting Fields A,257720
2017,Long Island,Nassau,Valley Stream St Pk,305502
2017,Long Island,Nassau/Suffolk,Bethpage Golf Course,757651
2017,Long Island,Nassau/Suffolk,Trailview,131933
2017,Long Island,Suffolk,Amsterdam Beach,12000
2017,Long Island,Suffolk,Bayard C. A.,347492
2017,Long Island,Suffolk,Belmont Lakes St Pk,840420
2017,Long Island,Suffolk,Brentwood Sp,743853
2017,Long Island,Suffolk,Brookhaven State Park,36981
2017,Long Island,Suffolk,Caleb Smith State Park,39635
2017,Long Island,Suffolk,Camp Hero,305207
2017,Long Island,Suffolk,Captree St Pk,1309053
2017,Long Island,Suffolk,Caumsett St Pk,440201
2017,Long Island,Suffolk,Cold Spring Harbor,160964
2017,Long Island,Suffolk,Connetquot River St Pk,247167
2017,Long Island,Suffolk,Hallock St Pk Preserve,19719
2017,Long Island,Suffolk,Heckscher St Park,1068060
2017,Long Island,Suffolk,Hither Hills,646940
2017,Long Island,Suffolk,Montauk Downs,102690
2017,Long Island,Suffolk,Montauk Point,1198798
2017,Long Island,Suffolk,Napeague State Park,107820
2017,Long Island,Suffolk,Nissequogue River,140649
2017,Long Island,Suffolk,Orient Beach St Pk,374256
2017,Long Island,Suffolk,Robert Moses St Pk,4044142
2017,Long Island,Suffolk,Sag Harbour,23814
2017,Long Island,Suffolk,Shadmore,92155
2017,Long Island,Suffolk,Sunken Meadow St Pk,3535216
2017,Long Island,Suffolk,Walt Whitman House,6494
2017,Long Island,Suffolk,Wildwood State Park,335236
2017,New York City,Bronx,Roberto Clemente,326932
2017,New York City,Kings,Marsha P. Johnson State Park (former East River State Park until 2020),1639925
2017,New York City,New York,Franklin D. Roosevelt Four Freedoms State Park,184807
2017,New York City,New York,Riverbank Fitness Cntr,18037
2017,New York City,New York,Riverbank Rollr-Ice Rnks,424705
2017,New York City,New York,Riverbank State Park,3274725
2017,New York City,Queens,Bayswater Point St Pk,20388
2017,New York City,Queens,Gantry Plaza,1171478
2017,New York City,Richmond,Clay Pit Ponds,43201
2017,Niagara,Erie,Beaver Island,330998
2017,Niagara,Erie,Big 6 Marina,75102
2017,Niagara,Erie,Buckhorn,39370
2017,Niagara,Erie,Buffalo Harbor St Pk & Marina,204445
2017,Niagara,Erie,Evangola St Pk,176845
2017,Niagara,Erie,Knox Farm Sp,335318
2017,Niagara,Niagara,Artpark,315134
2017,Niagara,Niagara,Deveaux Woods,81436
2017,Niagara,Niagara,Devils Hole,160176
2017,Niagara,Niagara,Four  Mile Creek,85716
2017,Niagara,Niagara,Ft Niagara (including boat launch),689404
2017,Niagara,Niagara,Golden Hill St Pk,77359
2017,Niagara,Niagara,Joseph Davis St Pk,0
2017,Niagara,Niagara,Niagara Reservation,9435285
2017,Niagara,Niagara,Reservoir St Pk,162995
2017,Niagara,Niagara,Whirlpool,394472
2017,Niagara,St Lawrence,Wilson Tuscarora St Pk,218415
2017,Palisades,Dutchess/Orange/Putnam/Rockland,Appalachian Trail,17404
2017,Palisades,Orange,Fort Montgomery,35915
2017,Palisades,Orange,Goosepond Mountain,6582
2017,Palisades,Orange,Highland Lakes,8792
2017,Palisades,Orange,Knox Headquarters,13539
2017,Palisades,Orange,National Purple Heart Hall Of Honor,22407
2017,Palisades,Orange,New Windsor Cantonment,28432
2017,Palisades,Orange,Sam's Point,79406
2017,Palisades,Orange,Schunnemunk State Park,54625
2017,Palisades,Orange,Tiorati,213908
2017,Palisades,Orange,Washington Headquarters,27679
2017,Palisades,Orange/Orckland,Sterling Forest,318159
2017,Palisades,Orange/Rockland,Bear Mountain St Pk,2059873
2017,Palisades,Orange/Rockland,Harriman Group Camp,193147
2017,Palisades,Orange/Rockland,Harriman Hiker Trail,131732
2017,Palisades,Orange/Rockland/Ulster,Sebago Lake,100542
2017,Palisades,Orange/Ulster,Senate House,47699
2017,Palisades,Rockland,Anthony Wayne,89048
2017,Palisades,Rockland,Blauvelt,31776
2017,Palisades,Rockland,Harriman Beaver Pond,72713
2017,Palisades,Rockland,Haverstraw Beach,22303
2017,Palisades,Rockland,High Tor St Pk,29135
2017,Palisades,Rockland,Hook Mountain,25874
2017,Palisades,Rockland,Lake Welch,286842
2017,Palisades,Rockland,Nyack Beach St Pk,161674
2017,Palisades,Rockland,Palisades,14608
2017,Palisades,Rockland,Rockland Lake State Park,487724
2017,Palisades,Rockland,Tallman Mountain St Pk,338025
2017,Palisades,Rockland/Orange,Stony Point Battlefield,25660
2017,Palisades,Rockland/Orange,Storm King,15628
2017,Palisades,Sullivan,Lake Superior,10069
2017,Palisades,Ulster,Bristol Beach,9473
2017,Palisades,Ulster,Minnewaska Park,392078
2017,Palisades,Ulster,Sojourner Truth State Park,0
2017,Saratoga/Capital,Albany,John Boyd Thacher Pk,508626
2017,Saratoga/Capital,Albany,Schuyler Mansion,12055
2017,Saratoga/Capital,Albany,Thompson Lake St Pk,70026
2017,Saratoga/Capital,Columbia,Lake Lauderdale *2,7776
2017,Saratoga/Capital,Delaware,John Burroughs Memorial,533
2017,Saratoga/Capital,Essex,Crown Point,30258
2017,Saratoga/Capital,Essex,John Brown Farm,42658
2017,Saratoga/Capital,Fulton,Johnson Hall,63688
2017,Saratoga/Capital,Montgomery,Schoharie Crossing,73971
2017,Saratoga/Capital,Rensselaer,Bennington Battlefield,28323
2017,Saratoga/Capital,Rensselaer,Cherry Plain St Pk,23438
2017,Saratoga/Capital,Rensselaer,Crailo,9926
2017,Saratoga/Capital,Rensselaer,Grafton Lakes St Pk,245272
2017,Saratoga/Capital,Rensselaer,Schodack Island,187053
2017,Saratoga/Capital,Saratoga,Grants Cottage,6574
2017,Saratoga/Capital,Saratoga,Peebles Island,127484
2017,Saratoga/Capital,Saratoga,Saratoga Lake Boat Lnch,87562
2017,Saratoga/Capital,Saratoga,Saratoga Springs (incl Victoria Pool & Golf Course),3065282
2017,Saratoga/Capital,Saratoga/Warren,Moreau Lake St Pk,381557
2017,Saratoga/Capital,Schoharie,Max V Shaul Campsite,21677
2017,Saratoga/Capital,Schoharie,Minekill,107884
2017,Taconic,Columbia,Clermont,84323
2017,Taconic,Columbia,Copake Falls,321820
2017,Taconic,Columbia,Lake Taghkanic St Park,186085
2017,Taconic,Columbia,Olana,172877
2017,Taconic,Columbia/Dutchess,Rudd Pond,18056
2017,Taconic,Dutchess,James Baird,107901
2017,Taconic,Dutchess,Mills Norrie St Pk,202606
2017,Taconic,Dutchess,Quiet Cove Riverfront Park,15000
2017,Taconic,Dutchess,Staatsburgh SHS,56079
2017,Taconic,Dutchess/Putnam,Hudson Highlands,384577
2017,Taconic,Dutchess/Ulster,Walkway Over The Hudson,593868
2017,Taconic,Putnam,Clarence Fahnestock,302634
2017,Taconic,Putnam,Taconic Outdoor Education Center,11399
2017,Taconic,Westchester,F D Roosevelt,392882
2017,Taconic,Westchester,John Jay Homestead,74950
2017,Taconic,Westchester,Old Croton Aqueduct,1195375
2017,Taconic,Westchester,Peter Jay House (Jay Heritage Center),5000
2017,Taconic,Westchester,Philipse Manor,32330
2017,Taconic,Westchester,Rockefeller Preserve,397706
2017,Thousand Islands,Clinton,Cumberland Bay St Pk,51815
2017,Thousand Islands,Clinton,Great Chazy Boat Launch,16750
2017,Thousand Islands,Clinton,Macomb Reservation,26317
2017,Thousand Islands,Clinton,Point Au Roche,79794
2017,Thousand Islands,Clinton,Point Au Roche Boat Lau,13339
2017,Thousand Islands,Jefferon,Mary Island River Park,1352
2017,Thousand Islands,Jefferson,Black River Trail,64108
2017,Thousand Islands,Jefferson,Burnham Pnt River Park,11519
2017,Thousand Islands,Jefferson,Canoe-Picnic Pnt River,8540
2017,Thousand Islands,Jefferson,Cedar Pnt River Park,68284
2017,Thousand Islands,Jefferson,Chaumont Boat Launch,32014
2017,Thousand Islands,Jefferson,Dewolf Point,17093
2017,Thousand Islands,Jefferson,Grass Pnt River Park,33954
2017,Thousand Islands,Jefferson,Keewaydin St Park,46465
2017,Thousand Islands,Jefferson,Kring Point,51891
2017,Thousand Islands,Jefferson,Long Point River Park,38145
2017,Thousand Islands,Jefferson,Rock Island,6710
2017,Thousand Islands,Jefferson,Sackets Harbor Btl Field,73974
2017,Thousand Islands,Jefferson,Southwick Beach St Pk,89190
2017,Thousand Islands,Jefferson,Stony Creek,25943
2017,Thousand Islands,Jefferson,Waterson Point Docking,0
2017,Thousand Islands,Jefferson,Wehle State Park,62070
2017,Thousand Islands,Jefferson,Wellesley Island St Pk,214515
2017,Thousand Islands,Jefferson,Westcott Beach St Pk,93000
2017,Thousand Islands,Lewis,Whetstone Gulf,107046
2017,Thousand Islands,St Lawrence,Black Lk Boat Launch,19865
2017,Thousand Islands,St Lawrence,Cedar Island River Park,1576
2017,Thousand Islands,St Lawrence,Coles Creek,88007
2017,Thousand Islands,St Lawrence,Eel Weir St Park,5052
2017,Thousand Islands,St Lawrence,Higley Flow St Park,48218
2017,Thousand Islands,St Lawrence,Jacques Cartier St Pk,25485
2017,Thousand Islands,St Lawrence,Robert Moses St Pk,98242
2017,Thousand Islands,St Lawrence,St Lawrence Golf Course,8205
2017,Thousand Islands,St Lawrence,Wilson Hill Boat Launch,8694
2016,Allegany,Cattaraugus,Allegany Quaker Area,789045
2016,Allegany,Cattaraugus,Allegany Red House Area,715179
2016,Allegany,Chautauqua,Lake Erie St Pk,109916
2016,Allegany,Chautauqua,Long Point Marina,105764
2016,Allegany,Chautauqua,Midway State Park,91494
2016,Allegany,,Sunset Bay MarinePark,16953
2016,Central,Broome,Chenango Valley St Pk,198082
2016,Central,Broome,Chittengo Lndg,0
2016,Central,Broome/Delaware,Oquaga State Park,53265
2016,Central,Chenango,Bowman Lake St Pk,50213
2016,Central,Chenango,Hunts Pond State Park,0
2016,Central,Herkimer,Herkimer Home,39657
2016,Central,Madison,Chittenango Fls St Pk,75837
2016,Central,Madison,Lorenzo,52458
2016,Central,Oneida,Delta Lake St Pk,202781
2016,Central,Oneida,Oriskany Battlefield,4431
2016,Central,Oneida,Pixley Falls State Park,28610
2016,Central,Oneida,Steuben Memorial,0
2016,Central,Oneida,Verona Beach State Park,117378
2016,Central,Onondaga,Clark Reservation,81771
2016,Central,Onondaga,Green Lakes State Park,984755
2016,Central,Onondaga/Madison/Oneida,Old Erie Canal,96895
2016,Central,Oswego,Battle Isl Golf Course,32207
2016,Central,Oswego,Fort Ontario,93174
2016,Central,Oswego,Mexico Point Boat Launch,16019
2016,Central,Oswego,Pine Grove Boatlaunch,15142
2016,Central,Oswego,Sandy Island Beach,32327
2016,Central,Oswego,Selkirk Shores,107911
2016,Central,Otsego,Betty And Wilbur Davis State Park,25691
2016,Central,Otsego,Canadarago Boat Lnch,19461
2016,Central,Otsego,Gilbert Lake St Pk,98893
2016,Central,Otsego,Glimmerglass State Park,155974
2016,Finger Lakes,Cayuga,Fair Haven St Pk,260291
2016,Finger Lakes,Cayuga,Fillmore Glen St Pk,96226
2016,Finger Lakes,Cayuga,Long Point St Pk,40432
2016,Finger Lakes,Cayuga,Springbrook Greens,0
2016,Finger Lakes,Chemung,Newtown Battlefield,58876
2016,Finger Lakes,Chemung,Soaring Eagles Golf Course,28476
2016,Finger Lakes,Ontario,Ganondagan,54420
2016,Finger Lakes,Ontario,H H Spencer,56809
2016,Finger Lakes,Ontario,Honeoye Bt Lau,54472
2016,Finger Lakes,Ontario/Seneca,Seneca Lake St Pk,203580
2016,Finger Lakes,Schuyler,Watkins Glen St Pk,904153
2016,Finger Lakes,Seneca,Bonavista Golf Course,0
2016,Finger Lakes,Seneca,Cayuga Lake St Pk,151156
2016,Finger Lakes,Seneca,Lodi Point Marina/Boat,38730
2016,Finger Lakes,Seneca,Sampson St Pk,175672
2016,Finger Lakes,Steuben,Indian Hills Golf Course,0
2016,Finger Lakes,Steuben,Pinnacle Golf,0
2016,Finger Lakes,Steuben,Stony Brook St Pk,212655
2016,Finger Lakes,Tompkins,Allan Treman Marina,318309
2016,Finger Lakes,Tompkins,Buttermilk Falls St Pk,246249
2016,Finger Lakes,Tompkins,Finger Lakes Admin.,0
2016,Finger Lakes,Tompkins,Robert H Treman St Pk,336664
2016,Finger Lakes,Tompkins,Taughannock Falls St Pk,563851
2016,Finger Lakes,Wayne,Beechwood,0
2016,Finger Lakes,Wayne,Canadaigua Btlau Ontrio,44831
2016,Finger Lakes,Wayne,Chimney Bluffs,84623
2016,Finger Lakes,Wayne,Deans Cove Boat Launch,17795
2016,Finger Lakes,Yates,Keuka Lake St Pk,121969
2016,Genesee,Allegany/Cattaraugus/Livingston/Monroe,Genesee Valley Greenway,44316
2016,Genesee,Genesee,Darien Lakes State Park,78172
2016,Genesee,Livingston,Conesus Lake Boat Launch,24958
2016,Genesee,Livingston/Wyoming,Letchworth State Park,782603
2016,Genesee,Monroe,Braddock Bay,41220
2016,Genesee,Monroe,Durand Eastman,19505
2016,Genesee,Monroe,Genesee River Park,1580
2016,Genesee,Monroe,Hamlin Beach State Park,360788
2016,Genesee,Monroe,Irondquoit Bay Boat Lnch,45293
2016,Genesee,Orleans,Lakeside Beach St Pk,86310
2016,Genesee,Orleans,Oak Orchard Boat Launch,8580
2016,Genesee,Wyoming,Silver Lake,20788
2016,Long Island,Nassau,Hempstead Lake St Pk,343512
2016,Long Island,Nassau,Jones Beach,5910338
2016,Long Island,Nassau,Planting Fields A,197858
2016,Long Island,Nassau,Valley Stream St Pk,287504
2016,Long Island,Nassau/Suffolk,Bethpage Golf Course,821888
2016,Long Island,Nassau/Suffolk,Trailview,137174
2016,Long Island,Suffolk,Bayard C. A.,289511
2016,Long Island,Suffolk,Belmont Lakes St Pk,840374
2016,Long Island,Suffolk,Brentwood Sp,978891
2016,Long Island,Suffolk,Brookhaven State Park,0
2016,Long Island,Suffolk,Caleb Smith State Park,38906
2016,Long Island,Suffolk,Camp Hero,172560
2016,Long Island,Suffolk,Captree St Pk,1416791
2016,Long Island,Suffolk,Caumsett St Pk,457105
2016,Long Island,Suffolk,Cold Spring Harbor,165197
2016,Long Island,Suffolk,Connetquot River St Pk,232824
2016,Long Island,Suffolk,Heckscher St Park,1008730
2016,Long Island,Suffolk,Hither Hills,646379
2016,Long Island,Suffolk,Montauk Downs,98426
2016,Long Island,Suffolk,Montauk Point,1006921
2016,Long Island,Suffolk,Napeague State Park,70070
2016,Long Island,Suffolk,Nissequogue River,162815
2016,Long Island,Suffolk,Orient Beach St Pk,334627
2016,Long Island,Suffolk,Robert Moses St Pk,4257360
2016,Long Island,Suffolk,Sag Harbour,23873
2016,Long Island,Suffolk,Shadmore,48855
2016,Long Island,Suffolk,Sunken Meadow St Pk,2877481
2016,Long Island,Suffolk,Walt Whitman House,8890
2016,Long Island,Suffolk,Wildwood State Park,317675
2016,New York City,Bronx,Roberto Clemente,620811
2016,New York City,Kings,Empire Fulton Ferry,0
2016,New York City,Kings,Marsha P. Johnson State Park (former East River State Park until 2020),1624944
2016,New York City,New York,Riverbank Fitness Cntr,12144
2016,New York City,New York,Riverbank Rollr-Ice Rnks,449143
2016,New York City,New York,Riverbank State Park,3117456
2016,New York City,Queens,Bayswater Point St Pk,20397
2016,New York City,Queens,Gantry Plaza,1438680
2016,New York City,Richmond,Clay Pit Ponds,33931
2016,Niagara,Erie,Beaver Island,335068
2016,Niagara,Erie,Big 6 Marina,91542
2016,Niagara,Erie,Buckhorn,37970
2016,Niagara,Erie,Buffalo Harbor St Pk & Marina,240296
2016,Niagara,Erie,Evangola St Pk,148556
2016,Niagara,Erie,Knox Farm Sp,155625
2016,Niagara,Erie,Woodlawn Beach,0
2016,Niagara,Niagara,Artpark,292307
2016,Niagara,Niagara,Deveaux Woods,63900
2016,Niagara,Niagara,Devils Hole,158816
2016,Niagara,Niagara,Four  Mile Creek,82038
2016,Niagara,Niagara,Ft Niagara,830538
2016,Niagara,Niagara,Ft. Niagara Boat Launch,319
2016,Niagara,Niagara,Golden Hill St Pk,81227
2016,Niagara,Niagara,Joseph Davis St Pk,0
2016,Niagara,Niagara,Niagara Reservation,9529325
2016,Niagara,Niagara,Reservoir St Pk,162088
2016,Niagara,Niagara,Whirlpool,364528
2016,Niagara,Niagara,Wilson Tuscarora St Pk,201059
2016,Palisades,Dutchess/Orange/Putnam/Rockland,Appalachian Trail,17009
2016,Palisades,Orange,Fort Montgomery,41293
2016,Palisades,Orange,Goosepond Mountain,6315
2016,Palisades,Orange,Highland Lakes,8638
2016,Palisades,Orange,Knox Headquarters,13555
2016,Palisades,Orange,National Purple Heart Hall Of Honor,26340
2016,Palisades,Orange,New Windsor Cantonment,31906
2016,Palisades,Orange,Sam's Point,62769
2016,Palisades,Orange,Senate House,39661
2016,Palisades,Orange,Stony Point Battlefield,35086
2016,Palisades,Orange,Tallman Mountain St Pk,353483
2016,Palisades,Orange,Tiorati,251659
2016,Palisades,Orange,Washington Headquarters,26391
2016,Palisades,Orange/Rockland,Bear Mountain St Pk,2173972
2016,Palisades,Orange/Rockland,Harriman Group Camp,125039
2016,Palisades,Orange/Rockland,Harriman Hiker Trail,126885
2016,Palisades,Orange/Rockland,Schunnemunk State Park,52941
2016,Palisades,Rockland,Anthony Wayne,72286
2016,Palisades,Rockland,Blauvelt,32019
2016,Palisades,Rockland,Harriman Beaver Pond,67689
2016,Palisades,Rockland,Haverstraw Beach,22067
2016,Palisades,Rockland,High Tor St Pk,49340
2016,Palisades,Rockland,Hook Mountain,26603
2016,Palisades,Rockland,Lake Welch,350558
2016,Palisades,Rockland,Nyack Beach St Pk,149481
2016,Palisades,Rockland,Palisades,14811
2016,Palisades,Rockland,Rockland Lake State Park,547498
2016,Palisades,Rockland,Sterling Forest,333204
2016,Palisades,Rockland,Storm King,15066
2016,Palisades,Sullivan,Lake Superior,13215
2016,Palisades,Ulster,Bristol Beach,12705
2016,Palisades,Ulster,Minnewaska Park,360671
2016,Palisades,Ulster,Sebago Lake,149568
2016,Palisades,Ulster,Sojourner Truth State Park,0
2016,Saratoga,Albany,John Boyd Thacher Pk,579380
2016,Saratoga,Albany,Schuyler Mansion,9971
2016,Saratoga,Albany,Thompson Lake St Pk,62633
2016,Saratoga,Columbia,Hudson River Islands,0
2016,Saratoga,Delaware,John Burroughs Memorial,1945
2016,Saratoga,Essex,Crown Point,28803
2016,Saratoga,Essex,John Brown Farm,38275
2016,Saratoga,Fulton,Johnson Hall,61247
2016,Saratoga,Greene,Athens,0
2016,Saratoga,Greene,Coxsackie,0
2016,Saratoga,Montgomery,Schoharie Crossing,78550
2016,Saratoga,Rensselaer,Bennington Battlefield,30589
2016,Saratoga,Rensselaer,Cherry Plain St Pk,14609
2016,Saratoga,Rensselaer,Crailo,11353
2016,Saratoga,Rensselaer,Grafton Lakes St Pk,255114
2016,Saratoga,Rensselaer,Schodack Island,185786
2016,Saratoga,Saratoga,Grants Cottage,5433
2016,Saratoga,Saratoga,Peebles Island,137858
2016,Saratoga,Saratoga,Saratoga Lake Boat Lnch,115781
2016,Saratoga,Saratoga,Saratoga Springs,2282427
2016,Saratoga,Saratoga/Warren,Moreau Lake St Pk,366567
2016,Saratoga,Schoharie,Max V Shaul Campsite,19313
2016,Saratoga,Schoharie,Minekill,113355
2016,Taconic,Columbia,Clermont,114399
2016,Taconic,Columbia,Copake Falls,198190
2016,Taconic,Columbia,Lake Taghkanic St Park,223976
2016,Taconic,Columbia,Olana,173644
2016,Taconic,Columbia/Dutchess,Rudd Pond,22171
2016,Taconic,Dutchess,Clinton House,0
2016,Taconic,Dutchess,James Baird,131403
2016,Taconic,Dutchess,Mills Norrie St Pk,203952
2016,Taconic,Dutchess,Staatsburgh SHS,45153
2016,Taconic,Dutchess/Putnam,Hudson Highlands,254524
2016,Taconic,Dutchess/Ulster,Walkway Over The Hudson,547722
2016,Taconic,Putnam,Clarence Fahnestock,191855
2016,Taconic,Putnam,Taconic Outdoor Education Center,13899
2016,Taconic,Westchester,F D Roosevelt,498682
2016,Taconic,Westchester,John Jay Homestead,75531
2016,Taconic,Westchester,Old Croton Aqueduct,1278747
2016,Taconic,Westchester,Philipse Manor,27595
2016,Taconic,Westchester,Rockefeller Preserve,453475
2016,Thousand Islands,Clinton,Cumberland Bay St Pk,53678
2016,Thousand Islands,Clinton,Great Chazy Boat Launch,19004
2016,Thousand Islands,Clinton,Macomb Reservation,25799
2016,Thousand Islands,Clinton,Point Au Roche,80645
2016,Thousand Islands,Clinton,Point Au Roche Boat Lau,14168
2016,Thousand Islands,Jefferson,Black River Trail,68706
2016,Thousand Islands,Jefferson,Burnham Pnt River Park,11346
2016,Thousand Islands,Jefferson,Canoe-Picnic Pnt River,6686
2016,Thousand Islands,Jefferson,Cedar Pnt River Park,65584
2016,Thousand Islands,Jefferson,Chaumont Boat Launch,46875
2016,Thousand Islands,Jefferson,Dewolf Point,17288
2016,Thousand Islands,Jefferson,Grass Pnt River Park,36547
2016,Thousand Islands,Jefferson,Keewaydin St Park,55546
2016,Thousand Islands,Jefferson,Kring Point,58546
2016,Thousand Islands,Jefferson,Long Point River Park,39537
2016,Thousand Islands,Jefferson,Mary Island River Park,1876
2016,Thousand Islands,Jefferson,Rock Island,6585
2016,Thousand Islands,Jefferson,Sackets Harbor Btl Field,82547
2016,Thousand Islands,Jefferson,Southwick Beach St Pk,136227
2016,Thousand Islands,Jefferson,Stony Creek,28505
2016,Thousand Islands,Jefferson,Thousand Island Admin.,0
2016,Thousand Islands,Jefferson,Waterson Point Docking,1680
2016,Thousand Islands,Jefferson,Wehle State Park,72830
2016,Thousand Islands,Jefferson,Wellesley Island St Pk,211093
2016,Thousand Islands,Jefferson,Westcott Beach St Pk,136133
2016,Thousand Islands,Lewis,Whetstone Gulf,111388
2016,Thousand Islands,St Lawrence,Black Lk Boat Launch,15394
2016,Thousand Islands,St Lawrence,Cedar Island River Park,1781
2016,Thousand Islands,St Lawrence,Coles Creek,64865
2016,Thousand Islands,St Lawrence,Eel Weir St Park,3613
2016,Thousand Islands,St Lawrence,Higley Flow St Park,48858
2016,Thousand Islands,St Lawrence,Jacques Cartier St Pk,22966
2016,Thousand Islands,St Lawrence,Robert Moses St Pk,92123
2016,Thousand Islands,St Lawrence,St Lawrence Golf Course,0
2016,Thousand Islands,St Lawrence,Wilson Hill Boat Launch,8798
2015,Allegany,Cattaraugus,Allegany Quaker Area,736589
2015,Allegany,Cattaraugus,Allegany Red House Area,750751
2015,Allegany,Chautauqua,Lake Erie St Pk,105170
2015,Allegany,Chautauqua,Long Point Marina,99021
2015,Allegany,Chautauqua,Midway State Park,106596
2015,Allegany,,Sunset Bay MarinePark,0
2015,Central,Broome,Chenango Valley St Pk,173758
2015,Central,Broome,Chittengo Lndg,0
2015,Central,Broome/Delaware,Oquaga State Park,51214
2015,Central,Chenango,Bowman Lake St Pk,61220
2015,Central,Chenango,Hunts Pond State Park,0
2015,Central,Herkimer,Herkimer Home,29471
2015,Central,Madison,Chittenango Fls St Pk,54712
2015,Central,Madison,Lorenzo,51551
2015,Central,Oneida,Delta Lake St Pk,212431
2015,Central,Oneida,Oriskany Battlefield,3701
2015,Central,Oneida,Pixley Falls State Park,26905
2015,Central,Oneida,Steuben Memorial,0
2015,Central,Oneida,Verona Beach State Park,178995
2015,Central,Onondaga,Clark Reservation,73697
2015,Central,Onondaga,Green Lakes State Park,1082898
2015,Central,Onondaga/Madison/Oneida,Old Erie Canal,91454
2015,Central,Oswego,Battle Isl Golf Course,30839
2015,Central,Oswego,Fort Ontario,133499
2015,Central,Oswego,Mexico Point Boat Launch,14468
2015,Central,Oswego,Pine Grove Boatlaunch,14041
2015,Central,Oswego,Sandy Island Beach,33932
2015,Central,Oswego,Selkirk Shores,100397
2015,Central,Otsego,Betty And Wilbur Davis State Park,16000
2015,Central,Otsego,Canadarago Boat Lnch,25325
2015,Central,Otsego,Gilbert Lake St Pk,92813
2015,Central,Otsego,Glimmerglass State Park,182822
2015,Finger Lakes,Cayuga,Fair Haven St Pk,297945
2015,Finger Lakes,Cayuga,Fillmore Glen St Pk,108760
2015,Finger Lakes,Cayuga,Long Point St Pk,42615
2015,Finger Lakes,Cayuga,Springbrook Greens,0
2015,Finger Lakes,Chemung,Newtown Battlefield,47218
2015,Finger Lakes,Chemung,Soaring Eagles Golf Course,26543
2015,Finger Lakes,Ontario,Ganondagan,48871
2015,Finger Lakes,Ontario,H H Spencer,64574
2015,Finger Lakes,Ontario,Honeoye Bt Lau,49960
2015,Finger Lakes,Ontario/Seneca,Seneca Lake St Pk,132622
2015,Finger Lakes,Schuyler,Watkins Glen St Pk,838534
2015,Finger Lakes,Seneca,Bonavista Golf Course,0
2015,Finger Lakes,Seneca,Cayuga Lake St Pk,143384
2015,Finger Lakes,Seneca,Lodi Point Marina/Boat,41472
2015,Finger Lakes,Seneca,Sampson St Pk,188355
2015,Finger Lakes,Steuben,Indian Hills Golf Course,0
2015,Finger Lakes,Steuben,Pinnacle Golf,0
2015,Finger Lakes,Steuben,Stony Brook St Pk,173973
2015,Finger Lakes,Tompkins,Allan Treman Marina,266112
2015,Finger Lakes,Tompkins,Buttermilk Falls St Pk,241370
2015,Finger Lakes,Tompkins,Finger Lakes Admin.,0
2015,Finger Lakes,Tompkins,Robert H Treman St Pk,300129
2015,Finger Lakes,Tompkins,Taughannock Falls St Pk,560835
2015,Finger Lakes,Wayne,Beechwood,0
2015,Finger Lakes,Wayne,Canadaigua Btlau Ontrio,36761
2015,Finger Lakes,Wayne,Chimney Bluffs,97099
2015,Finger Lakes,Wayne,Deans Cove Boat Launch,15891
2015,Finger Lakes,Yates,Keuka Lake St Pk,116283
2015,Genesee,Allegany/Cattaraugus/Livingston/Monroe,Genesee Valley Greenway,42777
2015,Genesee,Genesee,Darien Lakes State Park,77799
2015,Genesee,Livingston,Conesus Lake Boat Launch,23637
2015,Genesee,Livingston/Wyoming,Letchworth State Park,852173
2015,Genesee,Monroe,Braddock Bay,43339
2015,Genesee,Monroe,Durand Eastman,23982
2015,Genesee,Monroe,Genesee River Park,1670
2015,Genesee,Monroe,Hamlin Beach State Park,326869
2015,Genesee,Monroe,Irondquoit Bay Boat Lnch,46197
2015,Genesee,Orleans,Lakeside Beach St Pk,79560
2015,Genesee,Orleans,Oak Orchard Boat Launch,9143
2015,Genesee,Wyoming,Silver Lake,23060
2015,Long Island,Nassau,Hempstead Lake St Pk,303474
2015,Long Island,Nassau,Jones Beach,5876186
2015,Long Island,Nassau,Planting Fields A,211338
2015,Long Island,Nassau,Valley Stream St Pk,255308
2015,Long Island,Nassau/Suffolk,Bethpage Golf Course,764426
2015,Long Island,Nassau/Suffolk,Trailview,138030
2015,Long Island,Suffolk,Bayard C. A.,248619
2015,Long Island,Suffolk,Belmont Lakes St Pk,653795
2015,Long Island,Suffolk,Brentwood Sp,682686
2015,Long Island,Suffolk,Brookhaven State Park,0
2015,Long Island,Suffolk,Caleb Smith State Park,31748
2015,Long Island,Suffolk,Camp Hero,107555
2015,Long Island,Suffolk,Captree St Pk,1170881
2015,Long Island,Suffolk,Caumsett St Pk,467506
2015,Long Island,Suffolk,Cold Spring Harbor,165198
2015,Long Island,Suffolk,Connetquot River St Pk,213416
2015,Long Island,Suffolk,Heckscher St Park,1189435
2015,Long Island,Suffolk,Hither Hills,420868
2015,Long Island,Suffolk,Montauk Downs,87255
2015,Long Island,Suffolk,Montauk Point,728090
2015,Long Island,Suffolk,Napeague State Park,68245
2015,Long Island,Suffolk,Nissequogue River,138136
2015,Long Island,Suffolk,Orient Beach St Pk,414303
2015,Long Island,Suffolk,Robert Moses St Pk,3956941
2015,Long Island,Suffolk,Sag Harbour,24975
2015,Long Island,Suffolk,Shadmore,41295
2015,Long Island,Suffolk,Sunken Meadow St Pk,2210157
2015,Long Island,Suffolk,Walt Whitman House,9152
2015,Long Island,Suffolk,Wildwood State Park,304321
2015,New York City,Bronx,Roberto Clemente,1077331
2015,New York City,Kings,Empire Fulton Ferry,0
2015,New York City,Kings,Marsha P. Johnson State Park (former East River State Park until 2020),1420816
2015,New York City,New York,Riverbank Fitness Cntr,12624
2015,New York City,New York,Riverbank Rollr-Ice Rnks,389143
2015,New York City,New York,Riverbank State Park,2704678
2015,New York City,Queens,Bayswater Point St Pk,14374
2015,New York City,Queens,Gantry Plaza,1004475
2015,New York City,Richmond,Clay Pit Ponds,29903
2015,Niagara,Erie,Beaver Island,305861
2015,Niagara,Erie,Big 6 Marina,90432
2015,Niagara,Erie,Buckhorn,32950
2015,Niagara,Erie,Buffalo Harbor St Pk & Marina,134254
2015,Niagara,Erie,Evangola St Pk,141351
2015,Niagara,Erie,Knox Farm Sp,117887
2015,Niagara,Erie,Woodlawn Beach,0
2015,Niagara,Niagara,Artpark,322905
2015,Niagara,Niagara,Deveaux Woods,62282
2015,Niagara,Niagara,Devils Hole,150369
2015,Niagara,Niagara,Four  Mile Creek,80475
2015,Niagara,Niagara,Ft Niagara,720137
2015,Niagara,Niagara,Ft. Niagara Boat Launch,0
2015,Niagara,Niagara,Golden Hill St Pk,78723
2015,Niagara,Niagara,Joseph Davis St Pk,0
2015,Niagara,Niagara,Niagara Reservation,9296962
2015,Niagara,Niagara,Reservoir St Pk,163419
2015,Niagara,Niagara,Whirlpool,347761
2015,Niagara,Niagara,Wilson Tuscarora St Pk,205651
2015,Palisades,Dutchess/Orange/Putnam/Rockland,Appalachian Trail,12683
2015,Palisades,Orange,Fort Montgomery,53197
2015,Palisades,Orange,Goosepond Mountain,4726
2015,Palisades,Orange,Highland Lakes,7060
2015,Palisades,Orange,Knox Headquarters,10733
2015,Palisades,Orange,National Purple Heart Hall Of Honor,17255
2015,Palisades,Orange,New Windsor Cantonment,24800
2015,Palisades,Orange,Sam's Point,65685
2015,Palisades,Orange,Senate House,34752
2015,Palisades,Orange,Stony Point Battlefield,35121
2015,Palisades,Orange,Tallman Mountain St Pk,300319
2015,Palisades,Orange,Tiorati,253957
2015,Palisades,Orange,Washington Headquarters,21788
2015,Palisades,Orange/Rockland,Bear Mountain St Pk,2036795
2015,Palisades,Orange/Rockland,Harriman Group Camp,160806
2015,Palisades,Orange/Rockland,Harriman Hiker Trail,97201
2015,Palisades,Orange/Rockland,Schunnemunk State Park,51993
2015,Palisades,Rockland,Anthony Wayne,102455
2015,Palisades,Rockland,Blauvelt,27084
2015,Palisades,Rockland,Harriman Beaver Pond,46536
2015,Palisades,Rockland,Haverstraw Beach,25599
2015,Palisades,Rockland,High Tor St Pk,22634
2015,Palisades,Rockland,Hook Mountain,29976
2015,Palisades,Rockland,Lake Welch,366308
2015,Palisades,Rockland,Nyack Beach St Pk,140088
2015,Palisades,Rockland,Palisades,11567
2015,Palisades,Rockland,Rockland Lake State Park,494634
2015,Palisades,Rockland,Sterling Forest,325884
2015,Palisades,Rockland,Storm King,11673
2015,Palisades,Sullivan,Lake Superior,12666
2015,Palisades,Ulster,Bristol Beach,11412
2015,Palisades,Ulster,Minnewaska Park,367965
2015,Palisades,Ulster,Sebago Lake,130479
2015,Palisades,Ulster,Sojourner Truth State Park,0
2015,Saratoga,Albany,John Boyd Thacher Pk,309263
2015,Saratoga,Albany,Schuyler Mansion,5592
2015,Saratoga,Albany,Thompson Lake St Pk,68797
2015,Saratoga,Columbia,Hudson River Islands,0
2015,Saratoga,Delaware,John Burroughs Memorial,2412
2015,Saratoga,Essex,Crown Point,24664
2015,Saratoga,Essex,John Brown Farm,46952
2015,Saratoga,Fulton,Johnson Hall,53461
2015,Saratoga,Greene,Athens,0
2015,Saratoga,Greene,Coxsackie,0
2015,Saratoga,Montgomery,Schoharie Crossing,75849
2015,Saratoga,Rensselaer,Bennington Battlefield,19232
2015,Saratoga,Rensselaer,Cherry Plain St Pk,22877
2015,Saratoga,Rensselaer,Crailo,14734
2015,Saratoga,Rensselaer,Grafton Lakes St Pk,252499
2015,Saratoga,Rensselaer,Schodack Island,113167
2015,Saratoga,Saratoga,Grants Cottage,11429
2015,Saratoga,Saratoga,Peebles Island,101647
2015,Saratoga,Saratoga,Saratoga Lake Boat Lnch,99803
2015,Saratoga,Saratoga,Saratoga Springs,2584669
2015,Saratoga,Saratoga/Warren,Moreau Lake St Pk,357848
2015,Saratoga,Schoharie,Max V Shaul Campsite,12586
2015,Saratoga,Schoharie,Minekill,78367
2015,Taconic,Columbia,Clermont,119652
2015,Taconic,Columbia,Copake Falls,321215
2015,Taconic,Columbia,Lake Taghkanic St Park,238646
2015,Taconic,Columbia,Olana,171218
2015,Taconic,Columbia/Dutchess,Rudd Pond,21201
2015,Taconic,Dutchess,Clinton House,0
2015,Taconic,Dutchess,James Baird,129890
2015,Taconic,Dutchess,Mills Norrie St Pk,202292
2015,Taconic,Dutchess,Staatsburgh SHS,43068
2015,Taconic,Dutchess/Putnam,Hudson Highlands,271408
2015,Taconic,Dutchess/Ulster,Walkway Over The Hudson,449283
2015,Taconic,Putnam,Clarence Fahnestock,284326
2015,Taconic,Putnam,Taconic Outdoor Education Center,23252
2015,Taconic,Westchester,F D Roosevelt,555074
2015,Taconic,Westchester,John Jay Homestead,62140
2015,Taconic,Westchester,Old Croton Aqueduct,1129836
2015,Taconic,Westchester,Philipse Manor,25044
2015,Taconic,Westchester,Rockefeller Preserve,379940
2015,Thousand Islands,Clinton,Cumberland Bay St Pk,43139
2015,Thousand Islands,Clinton,Great Chazy Boat Launch,19740
2015,Thousand Islands,Clinton,Macomb Reservation,27887
2015,Thousand Islands,Clinton,Point Au Roche,78150
2015,Thousand Islands,Clinton,Point Au Roche Boat Lau,12952
2015,Thousand Islands,Jefferson,Black River Trail,76330
2015,Thousand Islands,Jefferson,Burnham Pnt River Park,12219
2015,Thousand Islands,Jefferson,Canoe-Picnic Pnt River,8723
2015,Thousand Islands,Jefferson,Cedar Pnt River Park,80670
2015,Thousand Islands,Jefferson,Chaumont Boat Launch,53399
2015,Thousand Islands,Jefferson,Dewolf Point,16378
2015,Thousand Islands,Jefferson,Grass Pnt River Park,41755
2015,Thousand Islands,Jefferson,Keewaydin St Park,54680
2015,Thousand Islands,Jefferson,Kring Point,58811
2015,Thousand Islands,Jefferson,Long Point River Park,35970
2015,Thousand Islands,Jefferson,Mary Island River Park,1862
2015,Thousand Islands,Jefferson,Rock Island,7209
2015,Thousand Islands,Jefferson,Sackets Harbor Btl Field,77208
2015,Thousand Islands,Jefferson,Southwick Beach St Pk,124555
2015,Thousand Islands,Jefferson,Stony Creek,35987
2015,Thousand Islands,Jefferson,Thousand Island Admin.,0
2015,Thousand Islands,Jefferson,Waterson Point Docking,1692
2015,Thousand Islands,Jefferson,Wehle State Park,79241
2015,Thousand Islands,Jefferson,Wellesley Island St Pk,203356
2015,Thousand Islands,Jefferson,Westcott Beach St Pk,135847
2015,Thousand Islands,Lewis,Whetstone Gulf,120099
2015,Thousand Islands,St Lawrence,Black Lk Boat Launch,8173
2015,Thousand Islands,St Lawrence,Cedar Island River Park,1862
2015,Thousand Islands,St Lawrence,Coles Creek,155274
2015,Thousand Islands,St Lawrence,Eel Weir St Park,3636
2015,Thousand Islands,St Lawrence,Higley Flow St Park,51686
2015,Thousand Islands,St Lawrence,Jacques Cartier St Pk,21467
2015,Thousand Islands,St Lawrence,Robert Moses St Pk,95080
2015,Thousand Islands,St Lawrence,St Lawrence Golf Course,0
2015,Thousand Islands,St Lawrence,Wilson Hill Boat Launch,8932
2014,Allegany,Cattaraugus,Allegany Quaker Area,711217
2014,Allegany,Cattaraugus,Allegany Red House Area,686068
2014,Allegany,Chautauqua,Lake Erie St Pk,97565
2014,Allegany,Chautauqua,Long Point Marina,62034
2014,Allegany,Chautauqua,Midway State Park,89838
2014,Central,Broome,Chenango Valley St Pk,173960
2014,Central,Broome,Chittengo Lndg,0
2014,Central,Broome/Delaware,Oquaga State Park,53495
2014,Central,Chenango,Bowman Lake St Pk,51589
2014,Central,Chenango,Hunts Pond State Park,0
2014,Central,Herkimer,Herkimer Home,14042
2014,Central,Madison,Chittenango Fls St Pk,46988
2014,Central,Madison,Lorenzo,43913
2014,Central,Oneida,Delta Lake St Pk,209556
2014,Central,Oneida,Oriskany Battlefield,3882
2014,Central,Oneida,Pixley Falls State Park,27981
2014,Central,Oneida,Steuben Memorial,0
2014,Central,Oneida,Verona Beach State Park,206438
2014,Central,Onondaga,Clark Reservation,68371
2014,Central,Onondaga,Green Lakes State Park,1079160
2014,Central,Onondaga/Madison/Oneida,Old Erie Canal,86289
2014,Central,Oswego,Battle Isl Golf Course,29291
2014,Central,Oswego,Fort Ontario,116920
2014,Central,Oswego,Mexico Point Boat Launch,15239
2014,Central,Oswego,Pine Grove Boatlaunch,13403
2014,Central,Oswego,Sandy Island Beach,33276
2014,Central,Oswego,Selkirk Shores,77930
2014,Central,Otsego,Betty And Wilbur Davis State Park,12271
2014,Central,Otsego,Canadarago Boat Lnch,23045
2014,Central,Otsego,Gilbert Lake St Pk,77959
2014,Central,Otsego,Glimmerglass State Park,153882
2014,Finger Lakes,Cayuga,Fair Haven St Pk,295527
2014,Finger Lakes,Cayuga,Fillmore Glen St Pk,83044
2014,Finger Lakes,Cayuga,Long Point St Pk,32798
2014,Finger Lakes,Cayuga,Springbrook Greens,8456
2014,Finger Lakes,Chemung,Newtown Battlefield,34455
2014,Finger Lakes,Chemung,Soaring Eagles Golf Course,26930
2014,Finger Lakes,Ontario,Ganondagan,45179
2014,Finger Lakes,Ontario,H H Spencer,61392
2014,Finger Lakes,Ontario,Honeoye Bt Lau,35610
2014,Finger Lakes,Ontario/Seneca,Seneca Lake St Pk,144200
2014,Finger Lakes,Schuyler,Watkins Glen St Pk,715206
2014,Finger Lakes,Seneca,Bonavista Golf Course,6409
2014,Finger Lakes,Seneca,Cayuga Lake St Pk,129415
2014,Finger Lakes,Seneca,Lodi Point Marina/Boat,32693
2014,Finger Lakes,Seneca,Sampson St Pk,166043
2014,Finger Lakes,Steuben,Indian Hills Golf Course,16341
2014,Finger Lakes,Steuben,Pinnacle Golf,6055
2014,Finger Lakes,Steuben,Stony Brook St Pk,164536
2014,Finger Lakes,Tompkins,Allan Treman Marina,210543
2014,Finger Lakes,Tompkins,Buttermilk Falls St Pk,197981
2014,Finger Lakes,Tompkins,Finger Lakes Admin.,0
2014,Finger Lakes,Tompkins,Robert H Treman St Pk,234791
2014,Finger Lakes,Tompkins,Taughannock Falls St Pk,434090
2014,Finger Lakes,Wayne,Beechwood,0
2014,Finger Lakes,Wayne,Canadaigua Btlau Ontrio,43746
2014,Finger Lakes,Wayne,Chimney Bluffs,117811
2014,Finger Lakes,Wayne,Deans Cove Boat Launch,14448
2014,Finger Lakes,Yates,Keuka Lake St Pk,102883
2014,Genesee,Allegany/Cattaraugus/Livingston/Monroe,Genesee Valley Greenway,39087
2014,Genesee,Genesee,Darien Lakes State Park,68360
2014,Genesee,Livingston,Conesus Lake Boat Launch,27025
2014,Genesee,Livingston/Wyoming,Letchworth State Park,644441
2014,Genesee,Monroe,Braddock Bay,39271
2014,Genesee,Monroe,Durand Eastman,22751
2014,Genesee,Monroe,Genesee River Park,2455
2014,Genesee,Monroe,Hamlin Beach State Park,278098
2014,Genesee,Monroe,Irondquoit Bay Boat Lnch,41812
2014,Genesee,Orleans,Lakeside Beach St Pk,77326
2014,Genesee,Orleans,Oak Orchard Boat Launch,9259
2014,Genesee,Wyoming,Silver Lake,22478
2014,Long Island,Nassau,Hempstead Lake St Pk,323863
2014,Long Island,Nassau,Jones Beach,5442032
2014,Long Island,Nassau,Planting Fields A,213932
2014,Long Island,Nassau,Valley Stream St Pk,267789
2014,Long Island,Nassau/Suffolk,Bethpage Golf Course,795563
2014,Long Island,Nassau/Suffolk,Trailview,138005
2014,Long Island,Suffolk,Bayard C. A.,225456
2014,Long Island,Suffolk,Belmont Lakes St Pk,578226
2014,Long Island,Suffolk,Brentwood Sp,205020
2014,Long Island,Suffolk,Brookhaven State Park,0
2014,Long Island,Suffolk,Caleb Smith State Park,27863
2014,Long Island,Suffolk,Camp Hero,114995
2014,Long Island,Suffolk,Captree St Pk,1124776
2014,Long Island,Suffolk,Caumsett St Pk,460254
2014,Long Island,Suffolk,Cold Spring Harbor,165484
2014,Long Island,Suffolk,Connetquot River St Pk,233504
2014,Long Island,Suffolk,Heckscher St Park,982530
2014,Long Island,Suffolk,Hither Hills,425642
2014,Long Island,Suffolk,Montauk Downs,120860
2014,Long Island,Suffolk,Montauk Point,816970
2014,Long Island,Suffolk,Napeague State Park,65985
2014,Long Island,Suffolk,Nissequogue River,95288
2014,Long Island,Suffolk,Orient Beach St Pk,452199
2014,Long Island,Suffolk,Robert Moses St Pk - Long Island,3477086
2014,Long Island,Suffolk,Sag Harbour,25266
2014,Long Island,Suffolk,Shadmoor,44235
2014,Long Island,Suffolk,Sunken Meadow St Pk,2042449
2014,Long Island,Suffolk,Walt Whitman House,4609
2014,Long Island,Suffolk,Wildwood State Park,298990
2014,New York City,Bronx,Roberto Clemente,1092606
2014,New York City,Kings,Empire Fulton Ferry,0
2014,New York City,Kings,Marsha P. Johnson State Park (former East River State Park until 2020),1464993
2014,New York City,New York,Riverbank Fitness Cntr,15483
2014,New York City,New York,Riverbank Rollr-Ice Rnks,407003
2014,New York City,New York,Riverbank State Park,3187269
2014,New York City,Queens,Bayswater Point St Pk,17566
2014,New York City,Queens,Gantry Plaza,905450
2014,New York City,Richmond,Clay Pit Ponds,25343
2014,Niagara,Erie,Beaver Island,276888
2014,Niagara,Erie,Big 6 Marina,75132
2014,Niagara,Erie,Buckhorn,31905
2014,Niagara,Erie,Buffalo Harbor St Pk & Marina,1025
2014,Niagara,Erie,Evangola St Pk,139804
2014,Niagara,Erie,Knox Farm Sp,0
2014,Niagara,Erie,Woodlawn Beach,146000
2014,Niagara,Niagara,Artpark,301523
2014,Niagara,Niagara,Deveaux Woods,90202
2014,Niagara,Niagara,Devils Hole,136118
2014,Niagara,Niagara,Four  Mile Creek,79609
2014,Niagara,Niagara,Ft Niagara,599586
2014,Niagara,Niagara,Golden Hill St Pk,70734
2014,Niagara,Niagara,Joseph Davis St Pk,0
2014,Niagara,Niagara,Niagara Reservation,9011709
2014,Niagara,Niagara,Reservoir St Pk,148768
2014,Niagara,Niagara,Whirlpool,306841
2014,Niagara,Niagara,Wilson Tuscarora St Pk,193568
2014,Palisades,Dutchess/Orange/Putnam/Rockland,Appalachian Trail,8514
2014,Palisades,Orange,Fort Montgomery,46335
2014,Palisades,Orange,Goosepond Mountain,2967
2014,Palisades,Orange,Highland Lakes,4451
2014,Palisades,Orange,Knox Headquarters,13122
2014,Palisades,Orange,National Purple Heart Hall Of Honor,17086
2014,Palisades,Orange,New Windsor Cantonment,27637
2014,Palisades,Orange,Schunnemunk State Park,44141
2014,Palisades,Orange,Sterling Forest,266944
2014,Palisades,Orange,Storm King,6944
2014,Palisades,Orange,Tiorati,211829
2014,Palisades,Orange,Washington Headquarters,18673
2014,Palisades,Orange/Rockland,Bear Mountain St Pk,1894373
2014,Palisades,Orange/Rockland,Harriman Group Camp,161080
2014,Palisades,Orange/Rockland,Harriman Hiker Trail,64778
2014,Palisades,Orange/Rockland,Sebago Lake,52404
2014,Palisades,Rockland,Anthony Wayne,47025
2014,Palisades,Rockland,Blauvelt,24529
2014,Palisades,Rockland,Harriman Beaver Pond,38657
2014,Palisades,Rockland,Haverstraw Beach,30152
2014,Palisades,Rockland,High Tor St Pk,21524
2014,Palisades,Rockland,Hook Mountain,36806
2014,Palisades,Rockland,Lake Welch,245483
2014,Palisades,Rockland,Nyack Beach St Pk,169661
2014,Palisades,Rockland,Palisades,10592
2014,Palisades,Rockland,Rockland Lake State Park,629173
2014,Palisades,Rockland,Stony Point Battlefield,34486
2014,Palisades,Rockland,Tallman Mountain St Pk,293615
2014,Palisades,Sullivan,Lake Superior,11135
2014,Palisades,Ulster,Bristol Beach,10613
2014,Palisades,Ulster,Minnewaska Park,290659
2014,Palisades,Ulster,Senate House,29900
2014,Palisades,Ulster,Sojourner Truth State Park,0
2014,Saratoga,Albany,John Boyd Thacher Pk,391456
2014,Saratoga,Albany,Schuyler Mansion,6083
2014,Saratoga,Albany,Thompson Lake St Pk,63934
2014,Saratoga,Columbia,Hudson River Islands,0
2014,Saratoga,Delaware,John Burroughs Memorial,2540
2014,Saratoga,Essex,Crown Point,20288
2014,Saratoga,Essex,John Brown Farm,46957
2014,Saratoga,Fulton,Johnson Hall,55877
2014,Saratoga,Greene,Athens,12592
2014,Saratoga,Greene,Coxsackie,40043
2014,Saratoga,Montgomery,Schoharie Crossing,56503
2014,Saratoga,Rensselaer,Bennington Battlefield,19408
2014,Saratoga,Rensselaer,Cherry Plain St Pk,23250
2014,Saratoga,Rensselaer,Crailo,11002
2014,Saratoga,Rensselaer,Grafton Lakes St Pk,240063
2014,Saratoga,Rensselaer,Schodack Island,125466
2014,Saratoga,Saratoga,Grants Cottage,4780
2014,Saratoga,Saratoga,Peebles Island,115344
2014,Saratoga,Saratoga,Saratoga Lake Boat Lnch,125144
2014,Saratoga,Saratoga,Saratoga Springs,3014277
2014,Saratoga,Saratoga/Warren,Moreau Lake St Pk,326564
2014,Saratoga,Schoharie,Max V Shaul Campsite,25885
2014,Saratoga,Schoharie,Minekill,84343
2014,Taconic,Columbia,Clermont,119091
2014,Taconic,Columbia,Copake Falls,272484
2014,Taconic,Columbia,Lake Taghkanic St Park,259146
2014,Taconic,Columbia,Olana,161358
2014,Taconic,Columbia/Dutchess,Rudd Pond,18890
2014,Taconic,Dutchess,Clinton House,0
2014,Taconic,Dutchess,James Baird,103618
2014,Taconic,Dutchess,Mills Norrie St Pk,203730
2014,Taconic,Dutchess,Staatsburgh Shs,47619
2014,Taconic,Dutchess/Putnam,Hudson Highlands,224015
2014,Taconic,Dutchess/Ulster,Walkway Over The Hudson,425052
2014,Taconic,Putnam,Clarence Fahnestock,285464
2014,Taconic,Putnam,Taconic Outdoor Education Center,20138
2014,Taconic,Westchester,F D Roosevelt,490546
2014,Taconic,Westchester,John Jay Homestead,35828
2014,Taconic,Westchester,Old Croton Aqueduct,1009221
2014,Taconic,Westchester,Philipse Manor,23557
2014,Taconic,Westchester,Rockefeller Preserve,337842
2014,Thousand Islands,Clinton,Cumberland Bay St Pk,47432
2014,Thousand Islands,Clinton,Great Chazy Boat Launch,17225
2014,Thousand Islands,Clinton,Macomb Reservation,29862
2014,Thousand Islands,Clinton,Point Au Roche,74730
2014,Thousand Islands,Clinton,Point Au Roche Boat Lau,10186
2014,Thousand Islands,Jefferson,Black River Trail,77942
2014,Thousand Islands,Jefferson,Burnham Pnt River Park,12249
2014,Thousand Islands,Jefferson,Canoe-Picnic Pnt River,7221
2014,Thousand Islands,Jefferson,Cedar Pnt River Park,72601
2014,Thousand Islands,Jefferson,Chaumont Boat Launch,47549
2014,Thousand Islands,Jefferson,Dewolf Point,15893
2014,Thousand Islands,Jefferson,Grass Pnt River Park,38109
2014,Thousand Islands,Jefferson,Keewaydin St Park,55749
2014,Thousand Islands,Jefferson,Kring Point,54550
2014,Thousand Islands,Jefferson,Long Point River Park,35450
2014,Thousand Islands,Jefferson,Mary Island River Park,3415
2014,Thousand Islands,Jefferson,Rock Island,6941
2014,Thousand Islands,Jefferson,Sackets Harbor Btl Field,77797
2014,Thousand Islands,Jefferson,Southwick Beach St Pk,114990
2014,Thousand Islands,Jefferson,Stony Creek,35187
2014,Thousand Islands,Jefferson,Thousand Island Admin.,0
2014,Thousand Islands,Jefferson,Waterson Point Docking,1600
2014,Thousand Islands,Jefferson,Wehle State Park,75842
2014,Thousand Islands,Jefferson,Wellesley Island St Pk,204017
2014,Thousand Islands,Jefferson,Westcott Beach St Pk,127115
2014,Thousand Islands,Lewis,Whetstone Gulf,118577
2014,Thousand Islands,St Lawrence,Black Lk Boat Launch,7793
2014,Thousand Islands,St Lawrence,Cedar Island River Park,1928
2014,Thousand Islands,St Lawrence,Coles Creek,175087
2014,Thousand Islands,St Lawrence,Eel Weir St Park,3377
2014,Thousand Islands,St Lawrence,Higley Flow St Park,46564
2014,Thousand Islands,St Lawrence,Jacques Cartier St Pk,22022
2014,Thousand Islands,St Lawrence,Robert Moses St Pk - Thousand Islands,98257
2014,Thousand Islands,St Lawrence,St Lawrence Golf Course,9386
2014,Thousand Islands,St Lawrence,Wilson Hill Boat Launch,9248
2013,Allegany,Cattaraugus,Allegany Quaker Area,711264
2013,Allegany,Cattaraugus,Allegany Red House Area,790645
2013,Allegany,Chautauqua,Lake Erie St Pk,115512
2013,Allegany,Chautauqua,Long Point Marina,64782
2013,Allegany,Chautauqua,Midway State Park,97944
2013,Central,Broome,Chenango Valley St Pk,175187
2013,Central,Broome,Chittengo Lndg,0
2013,Central,Broome/Delaware,Oquaga State Park,34290
2013,Central,Chenango,Bowman Lake St Pk,63564
2013,Central,Chenango,Hunts Pond State Park,0
2013,Central,Herkimer,Herkimer Home,17561
2013,Central,Madison,Chittenango Fls St Pk,38859
2013,Central,Madison,Lorenzo,34857
2013,Central,Oneida,Delta Lake St Pk,221627
2013,Central,Oneida,Oriskany Battlefield,4061
2013,Central,Oneida,Pixley Falls State Park,33229
2013,Central,Oneida,Steuben Memorial,21
2013,Central,Oneida,Verona Beach State Park,202197
2013,Central,Onondaga,Clark Reservation,55704
2013,Central,Onondaga,Green Lakes State Park,1122949
2013,Central,Onondaga/Madison/Oneida,Old Erie Canal,61581
2013,Central,Oswego,Battle Isl Golf Course,28728
2013,Central,Oswego,Fort Ontario,112048
2013,Central,Oswego,Mexico Point Boat Launch,13214
2013,Central,Oswego,Pine Grove Boatlaunch,9932
2013,Central,Oswego,Sandy Island Beach,35849
2013,Central,Oswego,Selkirk Shores,75069
2013,Central,Otsego,Betty And Wilbur Davis State Park,12266
2013,Central,Otsego,Canadarago Boat Lnch,20674
2013,Central,Otsego,Gilbert Lake St Pk,96076
2013,Central,Otsego,Glimmerglass State Park,137484
2013,Finger Lakes,Cayuga,Fair Haven St Pk,281540
2013,Finger Lakes,Cayuga,Fillmore Glen St Pk,93100
2013,Finger Lakes,Cayuga,Long Point St Pk,32129
2013,Finger Lakes,Cayuga,Springbrook Greens,4909
2013,Finger Lakes,Chemung,Newtown Battlefield,33796
2013,Finger Lakes,Chemung,Soaring Eagles Golf Course,27565
2013,Finger Lakes,Ontario,Ganondagan,34426
2013,Finger Lakes,Ontario,H H Spencer,40698
2013,Finger Lakes,Ontario,Honeoye Bt Lau,43086
2013,Finger Lakes,Ontario/Seneca,Seneca Lake St Pk,140186
2013,Finger Lakes,Schuyler,Watkins Glen St Pk,632140
2013,Finger Lakes,Seneca,Bonavista Golf Course,6732
2013,Finger Lakes,Seneca,Cayuga Lake St Pk,131723
2013,Finger Lakes,Seneca,Lodi Point Marina/Boat,22490
2013,Finger Lakes,Seneca,Sampson St Pk,154384
2013,Finger Lakes,Steuben,Indian Hills Golf Course,13528
2013,Finger Lakes,Steuben,Pinnacle Golf,6316
2013,Finger Lakes,Steuben,Stony Brook St Pk,156501
2013,Finger Lakes,Tompkins,Allan Treman Marina,292200
2013,Finger Lakes,Tompkins,Buttermilk Falls St Pk,171936
2013,Finger Lakes,Tompkins,Finger Lakes Admin.,0
2013,Finger Lakes,Tompkins,Robert H Treman St Pk,195410
2013,Finger Lakes,Tompkins,Taughannock Falls St Pk,449902
2013,Finger Lakes,Wayne,Beechwood,0
2013,Finger Lakes,Wayne,Canadaigua Btlau Ontrio,33987
2013,Finger Lakes,Wayne,Chimney Bluffs,122764
2013,Finger Lakes,Wayne,Deans Cove Boat Launch,15211
2013,Finger Lakes,Yates,Keuka Lake St Pk,90998
2013,Genesee,Allegany/Cattaraugus/Livingston/Monroe,Genesee Valley Greenway,35779
2013,Genesee,Genesee,Darien Lakes State Park,60107
2013,Genesee,Livingston,Conesus Lake Boat Launch,22928
2013,Genesee,Livingston/Wyoming,Letchworth State Park,662398
2013,Genesee,Monroe,Braddock Bay,41634
2013,Genesee,Monroe,Durand Eastman,32549
2013,Genesee,Monroe,Genesee River Park,2990
2013,Genesee,Monroe,Hamlin Beach State Park,260421
2013,Genesee,Monroe,Irondquoit Bay Boat Lnch,45678
2013,Genesee,Orleans,Lakeside Beach St Pk,72697
2013,Genesee,Orleans,Oak Orchard Boat Launch,9353
2013,Genesee,Wyoming,Silver Lake,24349
2013,Long Island,Nassau,Hempstead Lake St Pk,305601
2013,Long Island,Nassau,Jones Beach,3907682
2013,Long Island,Nassau,Planting Fields A,205463
2013,Long Island,Nassau,Valley Stream St Pk,244776
2013,Long Island,Nassau/Suffolk,Bethpage Golf Course,785057
2013,Long Island,Nassau/Suffolk,Trailview,126168
2013,Long Island,Suffolk,Bayard C. A.,179963
2013,Long Island,Suffolk,Belmont Lakes St Pk,616705
2013,Long Island,Suffolk,Brentwood Sp,325630
2013,Long Island,Suffolk,Brookhaven State Park,0
2013,Long Island,Suffolk,Caleb Smith State Park,27225
2013,Long Island,Suffolk,Camp Hero,103255
2013,Long Island,Suffolk,Captree St Pk,1197621
2013,Long Island,Suffolk,Caumsett St Pk,419887
2013,Long Island,Suffolk,Cold Spring Harbor,159447
2013,Long Island,Suffolk,Connetquot River St Pk,251471
2013,Long Island,Suffolk,Heckscher St Park,1016340
2013,Long Island,Suffolk,Hither Hills,371660
2013,Long Island,Suffolk,Montauk Downs,126835
2013,Long Island,Suffolk,Montauk Point,832040
2013,Long Island,Suffolk,Napeague State Park,81535
2013,Long Island,Suffolk,Nissequogue River,123584
2013,Long Island,Suffolk,Orient Beach St Pk,412562
2013,Long Island,Suffolk,Robert Moses St Pk - Long Island,2558927
2013,Long Island,Suffolk,Sag Harbour,28695
2013,Long Island,Suffolk,Shadmoor,55595
2013,Long Island,Suffolk,Sunken Meadow St Pk,1797632
2013,Long Island,Suffolk,Walt Whitman House,6743
2013,Long Island,Suffolk,Wildwood State Park,313196
2013,New York City,Bronx,Roberto Clemente,1086625
2013,New York City,Kings,Empire Fulton Ferry,0
2013,New York City,Kings,Marsha P. Johnson State Park (former East River State Park until 2020),1359347
2013,New York City,New York,Riverbank Fitness Cntr,22720
2013,New York City,New York,Riverbank Rollr-Ice Rnks,439872
2013,New York City,New York,Riverbank State Park,4084296
2013,New York City,Queens,Bayswater Point St Pk,18360
2013,New York City,Queens,Gantry Plaza,443280
2013,New York City,Richmond,Clay Pit Ponds,56320
2013,Niagara,Erie,Beaver Island,270411
2013,Niagara,Erie,Big 6 Marina,74477
2013,Niagara,Erie,Buckhorn,30995
2013,Niagara,Erie,Buffalo Harbor St Pk & Marina,0
2013,Niagara,Erie,Evangola St Pk,138591
2013,Niagara,Erie,Knox Farm Sp,0
2013,Niagara,Erie,Woodlawn Beach,137000
2013,Niagara,Niagara,Artpark,311969
2013,Niagara,Niagara,Deveaux Woods,107404
2013,Niagara,Niagara,Devils Hole,133709
2013,Niagara,Niagara,Four  Mile Creek,77297
2013,Niagara,Niagara,Ft Niagara,504567
2013,Niagara,Niagara,Golden Hill St Pk,76662
2013,Niagara,Niagara,Joseph Davis St Pk,0
2013,Niagara,Niagara,Niagara Reservation,8863301
2013,Niagara,Niagara,Reservoir St Pk,294707
2013,Niagara,Niagara,Whirlpool,501071
2013,Niagara,Niagara,Wilson Tuscarora St Pk,203572
2013,Palisades,Dutchess/Orange/Putnam/Rockland,Appalachian Trail,5516
2013,Palisades,Orange,Fort Montgomery,44478
2013,Palisades,Orange,Goosepond Mountain,2447
2013,Palisades,Orange,Highland Lakes,2971
2013,Palisades,Orange,Knox Headquarters,10234
2013,Palisades,Orange,National Purple Heart Hall Of Honor,12936
2013,Palisades,Orange,New Windsor Cantonment,15576
2013,Palisades,Orange,Schunnemunk State Park,42510
2013,Palisades,Orange,Sterling Forest,254485
2013,Palisades,Orange,Storm King,8522
2013,Palisades,Orange,Tiorati,154110
2013,Palisades,Orange,Washington Headquarters,22024
2013,Palisades,Orange/Rockland,Bear Mountain St Pk,1962949
2013,Palisades,Orange/Rockland,Harriman Group Camp,174593
2013,Palisades,Orange/Rockland,Harriman Hiker Trail,45420
2013,Palisades,Orange/Rockland,Sebago Lake,62408
2013,Palisades,Rockland,Anthony Wayne,168928
2013,Palisades,Rockland,Blauvelt,24289
2013,Palisades,Rockland,Harriman Beaver Pond,42239
2013,Palisades,Rockland,Haverstraw Beach,22922
2013,Palisades,Rockland,High Tor St Pk,24126
2013,Palisades,Rockland,Hook Mountain,29604
2013,Palisades,Rockland,Lake Welch,241942
2013,Palisades,Rockland,Nyack Beach St Pk,120005
2013,Palisades,Rockland,Palisades,10601
2013,Palisades,Rockland,Rockland Lake State Park,668360
2013,Palisades,Rockland,Stony Point Battlefield,36404
2013,Palisades,Rockland,Tallman Mountain St Pk,273248
2013,Palisades,Sullivan,Lake Superior,12266
2013,Palisades,Ulster,Bristol Beach,10552
2013,Palisades,Ulster,Minnewaska Park,289836
2013,Palisades,Ulster,Senate House,19602
2013,Palisades,Ulster,Sojourner Truth State Park,0
2013,Saratoga,Albany,John Boyd Thacher Pk,313640
2013,Saratoga,Albany,Schuyler Mansion,5629
2013,Saratoga,Albany,Thompson Lake St Pk,60981
2013,Saratoga,Columbia,Hudson River Islands,0
2013,Saratoga,Delaware,John Burroughs Memorial,3055
2013,Saratoga,Essex,Crown Point,18650
2013,Saratoga,Essex,John Brown Farm,52995
2013,Saratoga,Fulton,Johnson Hall,52607
2013,Saratoga,Greene,Athens,5439
2013,Saratoga,Greene,Coxsackie,57333
2013,Saratoga,Montgomery,Schoharie Crossing,47620
2013,Saratoga,Rensselaer,Bennington Battlefield,17883
2013,Saratoga,Rensselaer,Cherry Plain St Pk,27640
2013,Saratoga,Rensselaer,Crailo,8588
2013,Saratoga,Rensselaer,Grafton Lakes St Pk,257218
2013,Saratoga,Rensselaer,Schodack Island,98752
2013,Saratoga,Saratoga,Grants Cottage,5000
2013,Saratoga,Saratoga,Peebles Island,105176
2013,Saratoga,Saratoga,Saratoga Lake Boat Lnch,109046
2013,Saratoga,Saratoga,Saratoga Springs,2936194
2013,Saratoga,Saratoga/Warren,Moreau Lake St Pk,381133
2013,Saratoga,Schoharie,Max V Shaul Campsite,23487
2013,Saratoga,Schoharie,Minekill,89293
2013,Taconic,Columbia,Clermont,84528
2013,Taconic,Columbia,Copake Falls,219733
2013,Taconic,Columbia,Lake Taghkanic St Park,245499
2013,Taconic,Columbia,Olana,148974
2013,Taconic,Columbia/Dutchess,Rudd Pond,17140
2013,Taconic,Dutchess,Clinton House,0
2013,Taconic,Dutchess,James Baird,174153
2013,Taconic,Dutchess,Mills Norrie St Pk,203764
2013,Taconic,Dutchess,Staatsburgh Shs,46007
2013,Taconic,Dutchess/Putnam,Hudson Highlands,217826
2013,Taconic,Dutchess/Ulster,Walkway Over The Hudson,709573
2013,Taconic,Putnam,Clarence Fahnestock,270425
2013,Taconic,Putnam,Taconic Outdoor Education Center,16282
2013,Taconic,Westchester,F D Roosevelt,475227
2013,Taconic,Westchester,John Jay Homestead,31915
2013,Taconic,Westchester,Old Croton Aqueduct,1006966
2013,Taconic,Westchester,Philipse Manor,23304
2013,Taconic,Westchester,Rockefeller Preserve,342860
2013,Thousand Islands,Clinton,Cumberland Bay St Pk,42345
2013,Thousand Islands,Clinton,Great Chazy Boat Launch,26193
2013,Thousand Islands,Clinton,Macomb Reservation,31671
2013,Thousand Islands,Clinton,Point Au Roche,90263
2013,Thousand Islands,Clinton,Point Au Roche Boat Lau,20516
2013,Thousand Islands,Jefferson,Black River Trail,84060
2013,Thousand Islands,Jefferson,Burnham Pnt River Park,13662
2013,Thousand Islands,Jefferson,Canoe-Picnic Pnt River,7588
2013,Thousand Islands,Jefferson,Cedar Pnt River Park,76809
2013,Thousand Islands,Jefferson,Chaumont Boat Launch,47791
2013,Thousand Islands,Jefferson,Dewolf Point,16566
2013,Thousand Islands,Jefferson,Grass Pnt River Park,39206
2013,Thousand Islands,Jefferson,Keewaydin St Park,55350
2013,Thousand Islands,Jefferson,Kring Point,52467
2013,Thousand Islands,Jefferson,Long Point River Park,32433
2013,Thousand Islands,Jefferson,Mary Island River Park,4083
2013,Thousand Islands,Jefferson,Rock Island,10468
2013,Thousand Islands,Jefferson,Sackets Harbor Btl Field,74043
2013,Thousand Islands,Jefferson,Southwick Beach St Pk,120345
2013,Thousand Islands,Jefferson,Stony Creek,33796
2013,Thousand Islands,Jefferson,Thousand Island Admin.,0
2013,Thousand Islands,Jefferson,Waterson Point Docking,2075
2013,Thousand Islands,Jefferson,Wehle State Park,75054
2013,Thousand Islands,Jefferson,Wellesley Island St Pk,195373
2013,Thousand Islands,Jefferson,Westcott Beach St Pk,133125
2013,Thousand Islands,Lewis,Whetstone Gulf,114632
2013,Thousand Islands,St Lawrence,Black Lk Boat Launch,4043
2013,Thousand Islands,St Lawrence,Cedar Island River Park,2125
2013,Thousand Islands,St Lawrence,Coles Creek,126222
2013,Thousand Islands,St Lawrence,Eel Weir St Park,3194
2013,Thousand Islands,St Lawrence,Higley Flow St Park,46328
2013,Thousand Islands,St Lawrence,Jacques Cartier St Pk,19952
2013,Thousand Islands,St Lawrence,Robert Moses St Pk - Thousand Islands,85928
2013,Thousand Islands,St Lawrence,St Lawrence Golf Course,9789
2013,Thousand Islands,St Lawrence,Wilson Hill Boat Launch,9203
2012,Allegany,Cattaraugus,Allegany Quaker Area,709512
2012,Allegany,Cattaraugus,Allegany Red House Area,729189
2012,Allegany,Chautauqua,Lake Erie St Pk,108272
2012,Allegany,Chautauqua,Long Point Marina,75338
2012,Allegany,Chautauqua,Midway State Park,103567
2012,Central,Broome,Chenango Valley St Pk,170877
2012,Central,Broome,Chittengo Lndg,0
2012,Central,Broome/Delaware,Oquaga State Park,40198
2012,Central,Chenango,Bowman Lake St Pk,66974
2012,Central,Chenango,Hunts Pond State Park,0
2012,Central,Herkimer,Herkimer Home,19055
2012,Central,Madison,Chittenango Fls St Pk,36928
2012,Central,Madison,Lorenzo,29159
2012,Central,Oneida,Delta Lake St Pk,210925
2012,Central,Oneida,Oriskany Battlefield,6331
2012,Central,Oneida,Pixley Falls State Park,33789
2012,Central,Oneida,Steuben Memorial,883
2012,Central,Oneida,Verona Beach State Park,222010
2012,Central,Onondaga,Clark Reservation,44281
2012,Central,Onondaga,Green Lakes State Park,957959
2012,Central,Onondaga/Madison/Oneida,Old Erie Canal,28012
2012,Central,Oswego,Battle Isl Golf Course,30166
2012,Central,Oswego,Fort Ontario,138783
2012,Central,Oswego,Mexico Point Boat Launch,18571
2012,Central,Oswego,Pine Grove Boatlaunch,0
2012,Central,Oswego,Sandy Island Beach,39375
2012,Central,Oswego,Selkirk Shores,82244
2012,Central,Otsego,Betty And Wilbur Davis State Park,13944
2012,Central,Otsego,Canadarago Boat Lnch,22289
2012,Central,Otsego,Gilbert Lake St Pk,111206
2012,Central,Otsego,Glimmerglass State Park,140937
2012,Finger Lakes,Cayuga,Fair Haven St Pk,311403
2012,Finger Lakes,Cayuga,Fillmore Glen St Pk,128212
2012,Finger Lakes,Cayuga,Long Point St Pk,45190
2012,Finger Lakes,Cayuga,Springbrook Greens,0
2012,Finger Lakes,Chemung,Newtown Battlefield,30788
2012,Finger Lakes,Chemung,Soaring Eagles Golf Course,25090
2012,Finger Lakes,Ontario,Ganondagan,34266
2012,Finger Lakes,Ontario,H H Spencer,23341
2012,Finger Lakes,Ontario,Honeoye Bt Lau,38200
2012,Finger Lakes,Ontario/Seneca,Seneca Lake St Pk,164166
2012,Finger Lakes,Schuyler,Watkins Glen St Pk,590129
2012,Finger Lakes,Seneca,Bonavista Golf Course,5598
2012,Finger Lakes,Seneca,Cayuga Lake St Pk,140311
2012,Finger Lakes,Seneca,Lodi Point Marina/Boat,19337
2012,Finger Lakes,Seneca,Sampson St Pk,158662
2012,Finger Lakes,Steuben,Indian Hills Golf Course,31905
2012,Finger Lakes,Steuben,Pinnacle Golf,8660
2012,Finger Lakes,Steuben,Stony Brook St Pk,152114
2012,Finger Lakes,Tompkins,Allan Treman Marina,162986
2012,Finger Lakes,Tompkins,Buttermilk Falls St Pk,158591
2012,Finger Lakes,Tompkins,Finger Lakes Admin.,0
2012,Finger Lakes,Tompkins,Robert H Treman St Pk,225758
2012,Finger Lakes,Tompkins,Taughannock Falls St Pk,484005
2012,Finger Lakes,Wayne,Beechwood,0
2012,Finger Lakes,Wayne,Canadaigua Btlau Ontrio,36623
2012,Finger Lakes,Wayne,Chimney Bluffs,151880
2012,Finger Lakes,Wayne,Deans Cove Boat Launch,16966
2012,Finger Lakes,Yates,Keuka Lake St Pk,94589
2012,Genesee,Allegany/Cattaraugus/Livingston/Monroe,Genesee Valley Greenway,32120
2012,Genesee,Genesee,Darien Lakes State Park,66184
2012,Genesee,Livingston,Conesus Lake Boat Launch,23692
2012,Genesee,Livingston/Wyoming,Letchworth State Park,650391
2012,Genesee,Monroe,Braddock Bay,41661
2012,Genesee,Monroe,Durand Eastman,30959
2012,Genesee,Monroe,Genesee River Park,2655
2012,Genesee,Monroe,Hamlin Beach State Park,287107
2012,Genesee,Monroe,Irondquoit Bay Boat Lnch,46344
2012,Genesee,Orleans,Lakeside Beach St Pk,71231
2012,Genesee,Orleans,Oak Orchard Boat Launch,7233
2012,Genesee,Wyoming,Silver Lake,26854
2012,Long Island,Nassau,Hempstead Lake St Pk,298706
2012,Long Island,Nassau,Jones Beach,5257296
2012,Long Island,Nassau,Planting Fields A,199656
2012,Long Island,Nassau,Valley Stream St Pk,253745
2012,Long Island,Nassau/Suffolk,Bethpage Golf Course,819150
2012,Long Island,Nassau/Suffolk,Trailview,118825
2012,Long Island,Suffolk,Bayard C. A.,178698
2012,Long Island,Suffolk,Belmont Lakes St Pk,526825
2012,Long Island,Suffolk,Brentwood Sp,517900
2012,Long Island,Suffolk,Brookhaven State Park,0
2012,Long Island,Suffolk,Caleb Smith State Park,24987
2012,Long Island,Suffolk,Camp Hero,121585
2012,Long Island,Suffolk,Captree St Pk,1172952
2012,Long Island,Suffolk,Caumsett St Pk,402629
2012,Long Island,Suffolk,Cold Spring Harbor,151993
2012,Long Island,Suffolk,Connetquot River St Pk,227949
2012,Long Island,Suffolk,Heckscher St Park,1314445
2012,Long Island,Suffolk,Hither Hills,337215
2012,Long Island,Suffolk,Montauk Downs,98710
2012,Long Island,Suffolk,Montauk Point,766430
2012,Long Island,Suffolk,Napeague State Park,69495
2012,Long Island,Suffolk,Nissequogue River,106125
2012,Long Island,Suffolk,Orient Beach St Pk,399218
2012,Long Island,Suffolk,Robert Moses St Pk - Long Island,3226597
2012,Long Island,Suffolk,Sag Harbour,30630
2012,Long Island,Suffolk,Shadmore,45896
2012,Long Island,Suffolk,Sunken Meadow St Pk,1899620
2012,Long Island,Suffolk,Walt Whitman House,5827
2012,Long Island,Suffolk,Wildwood State Park,270973
2012,New York City,Bronx,Roberto Clemente,1227174
2012,New York City,Kings,Empire Fulton Ferry,0
2012,New York City,Kings,Marsha P. Johnson State Park (former East River State Park until 2020),735488
2012,New York City,New York,Riverbank Fitness Cntr,40438
2012,New York City,New York,Riverbank Rollr-Ice Rnks,367205
2012,New York City,New York,Riverbank State Park,3588710
2012,New York City,Queens,Bayswater Point St Pk,22242
2012,New York City,Queens,Gantry Plaza,626912
2012,New York City,Richmond,Clay Pit Ponds,42191
2012,Niagara,Erie,Beaver Island,298202
2012,Niagara,Erie,Big 6 Marina,77705
2012,Niagara,Erie,Buckhorn,30470
2012,Niagara,Erie,Buffalo Harbor St Pk & Marina,0
2012,Niagara,Erie,Evangola St Pk,155758
2012,Niagara,Erie,Knox Farm Sp,0
2012,Niagara,Erie,Woodlawn Beach,120000
2012,Niagara,Niagara,Artpark,271407
2012,Niagara,Niagara,Deveaux Woods,93396
2012,Niagara,Niagara,Devils Hole,194484
2012,Niagara,Niagara,Four  Mile Creek,74465
2012,Niagara,Niagara,Ft Niagara,363820
2012,Niagara,Niagara,Golden Hill St Pk,77553
2012,Niagara,Niagara,Joseph Davis St Pk,0
2012,Niagara,Niagara,Niagara Reservation,8690962
2012,Niagara,Niagara,Reservoir St Pk,112862
2012,Niagara,Niagara,Whirlpool,258948
2012,Niagara,Niagara,Wilson Tuscarora St Pk,143164
2012,Palisades,Dutchess/Orange/Putnam/Rockland,Appalachian Trail,8502
2012,Palisades,Orange,Fort Montgomery,42503
2012,Palisades,Orange,Goosepond Mountain,3558
2012,Palisades,Orange,Highland Lakes,4077
2012,Palisades,Orange,Knox Headquarters,8789
2012,Palisades,Orange,National Purple Heart Hall Of Honor,12074
2012,Palisades,Orange,New Windsor Cantonment,15262
2012,Palisades,Orange,Schunnemunk State Park,36405
2012,Palisades,Orange,Sterling Forest,206563
2012,Palisades,Orange,Storm King,7463
2012,Palisades,Orange,Tiorati,208587
2012,Palisades,Orange,Washington Headquarters,19426
2012,Palisades,Orange/Rockland,Bear Mountain St Pk,1892931
2012,Palisades,Orange/Rockland,Harriman Group Camp,197908
2012,Palisades,Orange/Rockland,Harriman Hiker Trail,76800
2012,Palisades,Orange/Rockland,Sebago Lake,209720
2012,Palisades,Rockland,Anthony Wayne,457338
2012,Palisades,Rockland,Blauvelt,24042
2012,Palisades,Rockland,Harriman Beaver Pond,38355
2012,Palisades,Rockland,Haverstraw Beach,13379
2012,Palisades,Rockland,High Tor St Pk,44970
2012,Palisades,Rockland,Hook Mountain,19273
2012,Palisades,Rockland,Lake Welch,301320
2012,Palisades,Rockland,Nyack Beach St Pk,157090
2012,Palisades,Rockland,Palisades,9662
2012,Palisades,Rockland,Rockland Lake State Park,676891
2012,Palisades,Rockland,Stony Point Battlefield,29137
2012,Palisades,Rockland,Tallman Mountain St Pk,258171
2012,Palisades,Sullivan,Lake Superior,13652
2012,Palisades,Ulster,Bristol Beach,12282
2012,Palisades,Ulster,Minnewaska Park,267206
2012,Palisades,Ulster,Senate House,15944
2012,Palisades,Ulster,Sojourner Truth State Park,0
2012,Saratoga,Albany,John Boyd Thacher Pk,273361
2012,Saratoga,Albany,Schuyler Mansion,5386
2012,Saratoga,Albany,Thompson Lake St Pk,58557
2012,Saratoga,Columbia,Hudson River Islands,0
2012,Saratoga,Delaware,John Burroughs Memorial,3979
2012,Saratoga,Essex,Crown Point,26283
2012,Saratoga,Essex,John Brown Farm,67066
2012,Saratoga,Fulton,Johnson Hall,55556
2012,Saratoga,Greene,Athens,6517
2012,Saratoga,Greene,Coxsackie,83180
2012,Saratoga,Montgomery,Schoharie Crossing,53963
2012,Saratoga,Rensselaer,Bennington Battlefield,22993
2012,Saratoga,Rensselaer,Cherry Plain St Pk,37148
2012,Saratoga,Rensselaer,Crailo,9323
2012,Saratoga,Rensselaer,Grafton Lakes St Pk,293312
2012,Saratoga,Rensselaer,Schodack Island,105758
2012,Saratoga,Saratoga,Grants Cottage,4367
2012,Saratoga,Saratoga,Peebles Island,95345
2012,Saratoga,Saratoga,Saratoga Lake Boat Lnch,50211
2012,Saratoga,Saratoga,Saratoga Springs,2196378
2012,Saratoga,Saratoga/Warren,Moreau Lake St Pk,380407
2012,Saratoga,Schoharie,Max V Shaul Campsite,17659
2012,Saratoga,Schoharie,Minekill,91600
2012,Taconic,Columbia,Clermont,88887
2012,Taconic,Columbia,Copake Falls,283665
2012,Taconic,Columbia,Lake Taghkanic St Park,354072
2012,Taconic,Columbia,Olana,110035
2012,Taconic,Columbia/Dutchess,Rudd Pond,18515
2012,Taconic,Dutchess,Clinton House,0
2012,Taconic,Dutchess,James Baird,200419
2012,Taconic,Dutchess,Mills Norrie St Pk,198035
2012,Taconic,Dutchess,Staatsburgh Shs,14849
2012,Taconic,Dutchess/Putnam,Hudson Highlands,211767
2012,Taconic,Dutchess/Ulster,Walkway Over The Hudson,525760
2012,Taconic,Putnam,Clarence Fahnestock,268393
2012,Taconic,Putnam,Taconic Outdoor Education Center,13764
2012,Taconic,Westchester,F D Roosevelt,438389
2012,Taconic,Westchester,John Jay Homestead,28432
2012,Taconic,Westchester,Old Croton Aqueduct,1026504
2012,Taconic,Westchester,Philipse Manor,22956
2012,Taconic,Westchester,Rockefeller Preserve,342966
2012,Thousand Islands,Clinton,Cumberland Bay St Pk,47802
2012,Thousand Islands,Clinton,Great Chazy Boat Launch,21545
2012,Thousand Islands,Clinton,Macomb Reservation,31417
2012,Thousand Islands,Clinton,Point Au Roche,84398
2012,Thousand Islands,Clinton,Point Au Roche Boat Lau,10104
2012,Thousand Islands,Jefferson,Black River Trail,102412
2012,Thousand Islands,Jefferson,Burnham Pnt River Park,14500
2012,Thousand Islands,Jefferson,Canoe-Picnic Pnt River,10164
2012,Thousand Islands,Jefferson,Cedar Pnt River Park,80928
2012,Thousand Islands,Jefferson,Chaumont Boat Launch,44361
2012,Thousand Islands,Jefferson,Dewolf Point,19309
2012,Thousand Islands,Jefferson,Grass Pnt River Park,41804
2012,Thousand Islands,Jefferson,Keewaydin St Park,57334
2012,Thousand Islands,Jefferson,Kring Point,53479
2012,Thousand Islands,Jefferson,Long Point River Park,30688
2012,Thousand Islands,Jefferson,Mary Island River Park,4553
2012,Thousand Islands,Jefferson,Rock Island,0
2012,Thousand Islands,Jefferson,Sackets Harbor Btl Field,94466
2012,Thousand Islands,Jefferson,Southwick Beach St Pk,129306
2012,Thousand Islands,Jefferson,Stony Creek,29421
2012,Thousand Islands,Jefferson,Thousand Island Admin.,0
2012,Thousand Islands,Jefferson,Waterson Point Docking,1980
2012,Thousand Islands,Jefferson,Wehle State Park,66892
2012,Thousand Islands,Jefferson,Wellesley Island St Pk,215638
2012,Thousand Islands,Jefferson,Westcott Beach St Pk,144630
2012,Thousand Islands,Lewis,Whetstone Gulf,116310
2012,Thousand Islands,St Lawrence,Black Lk Boat Launch,6296
2012,Thousand Islands,St Lawrence,Cedar Island River Park,2378
2012,Thousand Islands,St Lawrence,Coles Creek,133326
2012,Thousand Islands,St Lawrence,Eel Weir St Park,3865
2012,Thousand Islands,St Lawrence,Higley Flow St Park,43901
2012,Thousand Islands,St Lawrence,Jacques Cartier St Pk,23638
2012,Thousand Islands,St Lawrence,Robert Moses St Pk - Thousand Islands,75605
2012,Thousand Islands,St Lawrence,St Lawrence Golf Course,10101
2012,Thousand Islands,St Lawrence,Wilson Hill Boat Launch,9303
2011,Allegany,Cattaraugus,Allegany Quaker Area,632478
2011,Allegany,Cattaraugus,Allegany Red House Area,717013
2011,Allegany,Chautauqua,Lake Erie St Pk,103665
2011,Allegany,Chautauqua,Long Point Marina,79309
2011,Allegany,Chautauqua,Midway State Park,94430
2011,Central,Broome,Chenango Valley St Pk,165728
2011,Central,Broome,Chittengo Lndg,0
2011,Central,Broome/Delaware,Oquaga State Park,30659
2011,Central,Chenango,Bowman Lake St Pk,49087
2011,Central,Chenango,Hunts Pond State Park,0
2011,Central,Herkimer,Herkimer Home,13499
2011,Central,Madison,Chittenango Fls St Pk,40639
2011,Central,Madison,Lorenzo,29013
2011,Central,Oneida,Delta Lake St Pk,196444
2011,Central,Oneida,Oriskany Battlefield,4172
2011,Central,Oneida,Pixley Falls State Park,37427
2011,Central,Oneida,Steuben Memorial,528
2011,Central,Oneida,Verona Beach State Park,204940
2011,Central,Onondaga,Clark Reservation,46319
2011,Central,Onondaga,Green Lakes State Park,905867
2011,Central,Onondaga/Madison/Oneida,Old Erie Canal,26488
2011,Central,Oswego,Battle Isl Golf Course,28693
2011,Central,Oswego,Fort Ontario,152011
2011,Central,Oswego,Mexico Point Boat Launch,18341
2011,Central,Oswego,Pine Grove Boatlaunch,0
2011,Central,Oswego,Sandy Island Beach,38018
2011,Central,Oswego,Selkirk Shores,86266
2011,Central,Otsego,Betty And Wilbur Davis State Park,17790
2011,Central,Otsego,Canadarago Boat Lnch,22209
2011,Central,Otsego,Gilbert Lake St Pk,97749
2011,Central,Otsego,Glimmerglass State Park,120293
2011,Finger Lakes,Cayuga,Fair Haven St Pk,289424
2011,Finger Lakes,Cayuga,Fillmore Glen St Pk,130874
2011,Finger Lakes,Cayuga,Long Point St Pk,46402
2011,Finger Lakes,Cayuga,Springbrook Greens,6000
2011,Finger Lakes,Chemung,Newtown Battlefield,28453
2011,Finger Lakes,Chemung,Soaring Eagles Golf Course,24785
2011,Finger Lakes,Ontario,Ganondagan,35488
2011,Finger Lakes,Ontario,H H Spencer,32788
2011,Finger Lakes,Ontario,Honeoye Bt Lau,30078
2011,Finger Lakes,Ontario/Seneca,Seneca Lake St Pk,147704
2011,Finger Lakes,Schuyler,Watkins Glen St Pk,520502
2011,Finger Lakes,Seneca,Bonavista Golf Course,4843
2011,Finger Lakes,Seneca,Cayuga Lake St Pk,123112
2011,Finger Lakes,Seneca,Lodi Point Marina/Boat,28688
2011,Finger Lakes,Seneca,Sampson St Pk,158682
2011,Finger Lakes,Steuben,Indian Hills Golf Course,26560
2011,Finger Lakes,Steuben,Pinnacle Golf,8020
2011,Finger Lakes,Steuben,Stony Brook St Pk,146987
2011,Finger Lakes,Tompkins,Allan Treman Marina,172579
2011,Finger Lakes,Tompkins,Buttermilk Falls St Pk,164880
2011,Finger Lakes,Tompkins,Finger Lakes Admin.,0
2011,Finger Lakes,Tompkins,Robert H Treman St Pk,215383
2011,Finger Lakes,Tompkins,Taughannock Falls St Pk,413748
2011,Finger Lakes,Wayne,Beechwood,0
2011,Finger Lakes,Wayne,Canadaigua Btlau Ontrio,40029
2011,Finger Lakes,Wayne,Chimney Bluffs,117802
2011,Finger Lakes,Wayne,Deans Cove Boat Launch,15318
2011,Finger Lakes,Yates,Keuka Lake St Pk,89788
2011,Genesee,Allegany/Cattaraugus/Livingston/Monroe,Genesee Valley Greenway,32954
2011,Genesee,Genesee,Darien Lakes State Park,69516
2011,Genesee,Livingston,Conesus Lake Boat Launch,21903
2011,Genesee,Livingston/Wyoming,Letchworth State Park,661883
2011,Genesee,Monroe,Braddock Bay,40000
2011,Genesee,Monroe,Durand Eastman,25396
2011,Genesee,Monroe,Genesee River Park,2636
2011,Genesee,Monroe,Hamlin Beach State Park,278532
2011,Genesee,Monroe,Irondquoit Bay Boat Lnch,38872
2011,Genesee,Orleans,Lakeside Beach St Pk,69325
2011,Genesee,Orleans,Oak Orchard Boat Launch,7547
2011,Genesee,Wyoming,Silver Lake,22020
2011,Long Island,Nassau,Hempstead Lake St Pk,289265
2011,Long Island,Nassau,Jones Beach,5135946
2011,Long Island,Nassau,Planting Fields A,180993
2011,Long Island,Nassau,Valley Stream St Pk,249615
2011,Long Island,Nassau/Suffolk,Bethpage Golf Course,741338
2011,Long Island,Nassau/Suffolk,Trailview,121714
2011,Long Island,Suffolk,Bayard C. A.,171774
2011,Long Island,Suffolk,Belmont Lakes St Pk,452750
2011,Long Island,Suffolk,Brentwood Sp,503700
2011,Long Island,Suffolk,Brookhaven State Park,9722
2011,Long Island,Suffolk,Caleb Smith State Park,26264
2011,Long Island,Suffolk,Camp Hero,123210
2011,Long Island,Suffolk,Captree St Pk,1027378
2011,Long Island,Suffolk,Caumsett St Pk,404727
2011,Long Island,Suffolk,Cold Spring Harbor,156957
2011,Long Island,Suffolk,Connetquot River St Pk,210690
2011,Long Island,Suffolk,Heckscher St Park,1125800
2011,Long Island,Suffolk,Hither Hills,348730
2011,Long Island,Suffolk,Montauk Downs,127380
2011,Long Island,Suffolk,Montauk Point,754915
2011,Long Island,Suffolk,Napeague State Park,96660
2011,Long Island,Suffolk,Nissequogue River,64702
2011,Long Island,Suffolk,Orient Beach St Pk,434266
2011,Long Island,Suffolk,Robert Moses St Pk - Long Island,3318106
2011,Long Island,Suffolk,Sag Harbour,29750
2011,Long Island,Suffolk,Shadmore,58385
2011,Long Island,Suffolk,Sunken Meadow St Pk,1614554
2011,Long Island,Suffolk,Walt Whitman House,7748
2011,Long Island,Suffolk,Wildwood State Park,274011
2011,New York City,Bronx,Roberto Clemente,1229238
2011,New York City,Kings,Empire Fulton Ferry,0
2011,New York City,Kings,Marsha P. Johnson State Park (former East River State Park until 2020),512146
2011,New York City,New York,Riverbank Fitness Cntr,33655
2011,New York City,New York,Riverbank Rollr-Ice Rnks,239888
2011,New York City,New York,Riverbank State Park,3363265
2011,New York City,Queens,Bayswater Point St Pk,12068
2011,New York City,Queens,Gantry Plaza,634922
2011,New York City,Richmond,Clay Pit Ponds,61444
2011,Niagara,Erie,Beaver Island,279891
2011,Niagara,Erie,Big 6 Marina,66816
2011,Niagara,Erie,Buckhorn,29220
2011,Niagara,Erie,Buffalo Harbor St Pk & Marina,0
2011,Niagara,Erie,Evangola St Pk,110301
2011,Niagara,Erie,Knox Farm Sp,0
2011,Niagara,Erie,Woodlawn Beach,70000
2011,Niagara,Niagara,Artpark,312881
2011,Niagara,Niagara,Deveaux Woods,20420
2011,Niagara,Niagara,Devils Hole,416605
2011,Niagara,Niagara,Four  Mile Creek,68274
2011,Niagara,Niagara,Ft Niagara,321996
2011,Niagara,Niagara,Golden Hill St Pk,73193
2011,Niagara,Niagara,Joseph Davis St Pk,9416
2011,Niagara,Niagara,Niagara Reservation,8448914
2011,Niagara,Niagara,Reservoir St Pk,14990
2011,Niagara,Niagara,Whirlpool,492530
2011,Niagara,Niagara,Wilson Tuscarora St Pk,134292
2011,Palisades,Dutchess/Orange/Putnam/Rockland,Appalachian Trail,11890
2011,Palisades,Orange,Fort Montgomery,22299
2011,Palisades,Orange,Goosepond Mountain,4459
2011,Palisades,Orange,Highland Lakes,5099
2011,Palisades,Orange,Knox Headquarters,7819
2011,Palisades,Orange,National Purple Heart Hall Of Honor,14546
2011,Palisades,Orange,New Windsor Cantonment,17100
2011,Palisades,Orange,Schunnemunk State Park,32932
2011,Palisades,Orange,Sterling Forest,184731
2011,Palisades,Orange,Storm King,10359
2011,Palisades,Orange,Tiorati,166353
2011,Palisades,Orange,Washington Headquarters,20028
2011,Palisades,Orange/Rockland,Bear Mountain St Pk,1851145
2011,Palisades,Orange/Rockland,Harriman Group Camp,200834
2011,Palisades,Orange/Rockland,Harriman Hiker Trail,86848
2011,Palisades,Orange/Rockland,Sebago Lake,239701
2011,Palisades,Rockland,Anthony Wayne,386872
2011,Palisades,Rockland,Blauvelt,23858
2011,Palisades,Rockland,Harriman Beaver Pond,31795
2011,Palisades,Rockland,Haverstraw Beach,11410
2011,Palisades,Rockland,High Tor St Pk,62514
2011,Palisades,Rockland,Hook Mountain,16629
2011,Palisades,Rockland,Lake Welch,330336
2011,Palisades,Rockland,Nyack Beach St Pk,148527
2011,Palisades,Rockland,Palisades,6267
2011,Palisades,Rockland,Rockland Lake State Park,610305
2011,Palisades,Rockland,Stony Point Battlefield,28545
2011,Palisades,Rockland,Tallman Mountain St Pk,242360
2011,Palisades,Sullivan,Lake Superior,14128
2011,Palisades,Ulster,Bristol Beach,10909
2011,Palisades,Ulster,Minnewaska Park,219205
2011,Palisades,Ulster,Senate House,17394
2011,Palisades,Ulster,Sojourner Truth State Park,0
2011,Saratoga,Albany,John Boyd Thacher Pk,422619
2011,Saratoga,Albany,Schuyler Mansion,6156
2011,Saratoga,Albany,Thompson Lake St Pk,38044
2011,Saratoga,Columbia,Hudson River Islands,0
2011,Saratoga,Delaware,John Burroughs Memorial,4016
2011,Saratoga,Essex,Crown Point,23171
2011,Saratoga,Essex,John Brown Farm,56084
2011,Saratoga,Fulton,Johnson Hall,30808
2011,Saratoga,Greene,Athens,20967
2011,Saratoga,Greene,Coxsackie,116575
2011,Saratoga,Montgomery,Schoharie Crossing,43837
2011,Saratoga,Rensselaer,Bennington Battlefield,18076
2011,Saratoga,Rensselaer,Cherry Plain St Pk,26442
2011,Saratoga,Rensselaer,Crailo,8103
2011,Saratoga,Rensselaer,Grafton Lakes St Pk,220714
2011,Saratoga,Rensselaer,Schodack Island,78722
2011,Saratoga,Saratoga,Grants Cottage,3344
2011,Saratoga,Saratoga,Peebles Island,85000
2011,Saratoga,Saratoga,Saratoga Lake Boat Lnch,31125
2011,Saratoga,Saratoga,Saratoga Springs,1916781
2011,Saratoga,Saratoga/Warren,Moreau Lake St Pk,374352
2011,Saratoga,Schoharie,Max V Shaul Campsite,12521
2011,Saratoga,Schoharie,Minekill,62638
2011,Taconic,Columbia,Clermont,77466
2011,Taconic,Columbia,Copake Falls,217386
2011,Taconic,Columbia,Lake Taghkanic St Park,262757
2011,Taconic,Columbia,Olana,148759
2011,Taconic,Columbia/Dutchess,Rudd Pond,17190
2011,Taconic,Dutchess,Clinton House,0
2011,Taconic,Dutchess,James Baird,158530
2011,Taconic,Dutchess,Mills Norrie St Pk,186366
2011,Taconic,Dutchess,Staatsburgh Shs,13158
2011,Taconic,Dutchess/Putnam,Hudson Highlands,205792
2011,Taconic,Dutchess/Ulster,Walkway Over The Hudson,432937
2011,Taconic,Putnam,Clarence Fahnestock,262504
2011,Taconic,Putnam,Taconic Outdoor Education Center,22144
2011,Taconic,Westchester,F D Roosevelt,472191
2011,Taconic,Westchester,John Jay Homestead,52676
2011,Taconic,Westchester,Old Croton Aqueduct,912439
2011,Taconic,Westchester,Philipse Manor,20939
2011,Taconic,Westchester,Rockefeller Preserve,298246
2011,Thousand Islands,Clinton,Cumberland Bay St Pk,4524
2011,Thousand Islands,Clinton,Great Chazy Boat Launch,13212
2011,Thousand Islands,Clinton,Macomb Reservation,30041
2011,Thousand Islands,Clinton,Point Au Roche,66236
2011,Thousand Islands,Clinton,Point Au Roche Boat Lau,6405
2011,Thousand Islands,Jefferson,Black River Trail,100745
2011,Thousand Islands,Jefferson,Burnham Pnt River Park,14101
2011,Thousand Islands,Jefferson,Canoe-Picnic Pnt River,9497
2011,Thousand Islands,Jefferson,Cedar Pnt River Park,67931
2011,Thousand Islands,Jefferson,Chaumont Boat Launch,41958
2011,Thousand Islands,Jefferson,Dewolf Point,15443
2011,Thousand Islands,Jefferson,Grass Pnt River Park,39128
2011,Thousand Islands,Jefferson,Keewaydin St Park,46881
2011,Thousand Islands,Jefferson,Kring Point,56671
2011,Thousand Islands,Jefferson,Long Point River Park,28950
2011,Thousand Islands,Jefferson,Mary Island River Park,0
2011,Thousand Islands,Jefferson,Rock Island,0
2011,Thousand Islands,Jefferson,Sackets Harbor Btl Field,88081
2011,Thousand Islands,Jefferson,Southwick Beach St Pk,108347
2011,Thousand Islands,Jefferson,Stony Creek,23649
2011,Thousand Islands,Jefferson,Thousand Island Admin.,0
2011,Thousand Islands,Jefferson,Waterson Point Docking,1983
2011,Thousand Islands,Jefferson,Wehle State Park,53836
2011,Thousand Islands,Jefferson,Wellesley Island St Pk,210120
2011,Thousand Islands,Jefferson,Westcott Beach St Pk,127236
2011,Thousand Islands,Lewis,Whetstone Gulf,122764
2011,Thousand Islands,St Lawrence,Black Lk Boat Launch,11817
2011,Thousand Islands,St Lawrence,Cedar Island River Park,2074
2011,Thousand Islands,St Lawrence,Coles Creek,117263
2011,Thousand Islands,St Lawrence,Eel Weir St Park,2738
2011,Thousand Islands,St Lawrence,Higley Flow St Park,41606
2011,Thousand Islands,St Lawrence,Jacques Cartier St Pk,17707
2011,Thousand Islands,St Lawrence,Robert Moses St Pk - Thousand Islands,67785
2011,Thousand Islands,St Lawrence,St Lawrence Golf Course,9726
2011,Thousand Islands,St Lawrence,Wilson Hill Boat Launch,8591
2010,Allegany,Cattaraugus,Allegany Quaker Area,707369
2010,Allegany,Cattaraugus,Allegany Red House Area,728728
2010,Allegany,Chautauqua,Lake Erie St Pk,104553
2010,Allegany,Chautauqua,Long Point Marina,129215
2010,Allegany,Chautauqua,Midway State Park,106948
2010,Central,Broome,Chenango Valley St Pk,176141
2010,Central,Broome,Chittengo Lndg,0
2010,Central,Broome/Delaware,Oquaga State Park,30320
2010,Central,Chenango,Bowman Lake St Pk,41537
2010,Central,Chenango,Hunts Pond State Park,0
2010,Central,Herkimer,Herkimer Home,27854
2010,Central,Madison,Chittenango Fls St Pk,37852
2010,Central,Madison,Lorenzo,28256
2010,Central,Oneida,Delta Lake St Pk,195083
2010,Central,Oneida,Oriskany Battlefield,2710
2010,Central,Oneida,Pixley Falls State Park,0
2010,Central,Oneida,Steuben Memorial,552
2010,Central,Oneida,Verona Beach State Park,275314
2010,Central,Onondaga,Clark Reservation,29814
2010,Central,Onondaga,Green Lakes State Park,891557
2010,Central,Onondaga/Madison/Oneida,Old Erie Canal,65623
2010,Central,Oswego,Battle Isl Golf Course,30613
2010,Central,Oswego,Fort Ontario,105818
2010,Central,Oswego,Mexico Point Boat Launch,20509
2010,Central,Oswego,Pine Grove Boatlaunch,0
2010,Central,Oswego,Sandy Island Beach,37580
2010,Central,Oswego,Selkirk Shores,130385
2010,Central,Otsego,Betty And Wilbur Davis State Park,24490
2010,Central,Otsego,Canadarago Boat Lnch,19745
2010,Central,Otsego,Gilbert Lake St Pk,89999
2010,Central,Otsego,Glimmerglass State Park,105783
2010,Finger Lakes,Cayuga,Fair Haven St Pk,298186
2010,Finger Lakes,Cayuga,Fillmore Glen St Pk,122859
2010,Finger Lakes,Cayuga,Long Point St Pk,34723
2010,Finger Lakes,Cayuga,Springbrook Greens,6299
2010,Finger Lakes,Chemung,Newtown Battlefield,23723
2010,Finger Lakes,Chemung,Soaring Eagles Golf Course,27142
2010,Finger Lakes,Ontario,Ganondagan,35003
2010,Finger Lakes,Ontario,H H Spencer,9327
2010,Finger Lakes,Ontario,Honeoye Bt Lau,26409
2010,Finger Lakes,Ontario/Seneca,Seneca Lake St Pk,186237
2010,Finger Lakes,Schuyler,Watkins Glen St Pk,483701
2010,Finger Lakes,Seneca,Bonavista Golf Course,8
2010,Finger Lakes,Seneca,Cayuga Lake St Pk,127860
2010,Finger Lakes,Seneca,Lodi Point Marina/Boat,27614
2010,Finger Lakes,Seneca,Sampson St Pk,173894
2010,Finger Lakes,Steuben,Indian Hills Golf Course,31955
2010,Finger Lakes,Steuben,Pinnacle Golf,26786
2010,Finger Lakes,Steuben,Stony Brook St Pk,121853
2010,Finger Lakes,Tompkins,Allan Treman Marina,205460
2010,Finger Lakes,Tompkins,Buttermilk Falls St Pk,179393
2010,Finger Lakes,Tompkins,Finger Lakes Admin.,0
2010,Finger Lakes,Tompkins,Robert H Treman St Pk,236174
2010,Finger Lakes,Tompkins,Taughannock Falls St Pk,427352
2010,Finger Lakes,Wayne,Beechwood,1206
2010,Finger Lakes,Wayne,Canadaigua Btlau Ontrio,47319
2010,Finger Lakes,Wayne,Chimney Bluffs,109184
2010,Finger Lakes,Wayne,Deans Cove Boat Launch,16747
2010,Finger Lakes,Yates,Keuka Lake St Pk,94676
2010,Genesee,Allegany/Cattaraugus/Livingston/Monroe,Genesee Valley Greenway,37805
2010,Genesee,Genesee,Darien Lakes State Park,59639
2010,Genesee,Livingston,Conesus Lake Boat Launch,25793
2010,Genesee,Livingston/Wyoming,Letchworth State Park,650477
2010,Genesee,Monroe,Braddock Bay,40280
2010,Genesee,Monroe,Durand Eastman,26226
2010,Genesee,Monroe,Genesee River Park,2363
2010,Genesee,Monroe,Hamlin Beach State Park,271309
2010,Genesee,Monroe,Irondquoit Bay Boat Lnch,38563
2010,Genesee,Orleans,Lakeside Beach St Pk,70411
2010,Genesee,Orleans,Oak Orchard Boat Launch,6991
2010,Genesee,Wyoming,Silver Lake,25370
2010,Long Island,Nassau,Hempstead Lake St Pk,348866
2010,Long Island,Nassau,Jones Beach,5804746
2010,Long Island,Nassau,Planting Fields A,212039
2010,Long Island,Nassau,Valley Stream St Pk,266657
2010,Long Island,Nassau/Suffolk,Bethpage Golf Course,779740
2010,Long Island,Nassau/Suffolk,Trailview,123267
2010,Long Island,Suffolk,Bayard C. A.,185614
2010,Long Island,Suffolk,Belmont Lakes St Pk,482150
2010,Long Island,Suffolk,Brentwood Sp,285500
2010,Long Island,Suffolk,Brookhaven State Park,10913
2010,Long Island,Suffolk,Caleb Smith State Park,25936
2010,Long Island,Suffolk,Camp Hero,137945
2010,Long Island,Suffolk,Captree St Pk,1180972
2010,Long Island,Suffolk,Caumsett St Pk,408431
2010,Long Island,Suffolk,Cold Spring Harbor,157992
2010,Long Island,Suffolk,Connetquot River St Pk,188497
2010,Long Island,Suffolk,Heckscher St Park,1280900
2010,Long Island,Suffolk,Hither Hills,356649
2010,Long Island,Suffolk,Montauk Downs,185625
2010,Long Island,Suffolk,Montauk Point,756940
2010,Long Island,Suffolk,Napeague State Park,98180
2010,Long Island,Suffolk,Nissequogue River,75641
2010,Long Island,Suffolk,Orient Beach St Pk,215650
2010,Long Island,Suffolk,Robert Moses St Pk - Long Island,3800555
2010,Long Island,Suffolk,Sag Harbour,35715
2010,Long Island,Suffolk,Shadmore,59480
2010,Long Island,Suffolk,Sunken Meadow St Pk,1624952
2010,Long Island,Suffolk,Walt Whitman House,7481
2010,Long Island,Suffolk,Wildwood State Park,290922
2010,New York City,Bronx,Roberto Clemente,1112641
2010,New York City,Kings,Empire Fulton Ferry,0
2010,New York City,Kings,Marsha P. Johnson State Park (former East River State Park until 2020),405062
2010,New York City,New York,Riverbank Fitness Cntr,32277
2010,New York City,New York,Riverbank Rollr-Ice Rnks,245192
2010,New York City,New York,Riverbank State Park,3149457
2010,New York City,Queens,Bayswater Point St Pk,0
2010,New York City,Queens,Gantry Plaza,687815
2010,New York City,Richmond,Clay Pit Ponds,61772
2010,Niagara,Erie,Beaver Island,291014
2010,Niagara,Erie,Big 6 Marina,25958
2010,Niagara,Erie,Buckhorn,27775
2010,Niagara,Erie,Buffalo Harbor St Pk & Marina,0
2010,Niagara,Erie,Evangola St Pk,105304
2010,Niagara,Erie,Knox Farm Sp,123908
2010,Niagara,Erie,Woodlawn Beach,102993
2010,Niagara,Niagara,Artpark,194175
2010,Niagara,Niagara,Deveaux Woods,21726
2010,Niagara,Niagara,Devils Hole,131451
2010,Niagara,Niagara,Four  Mile Creek,74584
2010,Niagara,Niagara,Ft Niagara,292835
2010,Niagara,Niagara,Golden Hill St Pk,75553
2010,Niagara,Niagara,Joseph Davis St Pk,27644
2010,Niagara,Niagara,Niagara Reservation,8274942
2010,Niagara,Niagara,Reservoir St Pk,58310
2010,Niagara,Niagara,Whirlpool,221223
2010,Niagara,Niagara,Wilson Tuscarora St Pk,105164
2010,Palisades,Dutchess/Orange/Putnam/Rockland,Appalachian Trail,3396
2010,Palisades,Orange,Fort Montgomery,25693
2010,Palisades,Orange,Goosepond Mountain,2179
2010,Palisades,Orange,Highland Lakes,390
2010,Palisades,Orange,Knox Headquarters,20489
2010,Palisades,Orange,National Purple Heart Hall Of Honor,12892
2010,Palisades,Orange,New Windsor Cantonment,19776
2010,Palisades,Orange,Schunnemunk State Park,32739
2010,Palisades,Orange,Sterling Forest,180892
2010,Palisades,Orange,Storm King,5746
2010,Palisades,Orange,Tiorati,179087
2010,Palisades,Orange,Washington Headquarters,20092
2010,Palisades,Orange/Rockland,Bear Mountain St Pk,1921043
2010,Palisades,Orange/Rockland,Harriman Group Camp,202662
2010,Palisades,Orange/Rockland,Harriman Hiker Trail,39467
2010,Palisades,Orange/Rockland,Sebago Lake,265401
2010,Palisades,Rockland,Anthony Wayne,360706
2010,Palisades,Rockland,Blauvelt,25896
2010,Palisades,Rockland,Harriman Beaver Pond,42433
2010,Palisades,Rockland,Haverstraw Beach,10576
2010,Palisades,Rockland,High Tor St Pk,61566
2010,Palisades,Rockland,Hook Mountain,15289
2010,Palisades,Rockland,Lake Welch,398659
2010,Palisades,Rockland,Nyack Beach St Pk,142344
2010,Palisades,Rockland,Palisades,5060
2010,Palisades,Rockland,Rockland Lake State Park,666234
2010,Palisades,Rockland,Stony Point Battlefield,23167
2010,Palisades,Rockland,Tallman Mountain St Pk,235848
2010,Palisades,Sullivan,Lake Superior,16680
2010,Palisades,Ulster,Bristol Beach,9160
2010,Palisades,Ulster,Minnewaska Park,216905
2010,Palisades,Ulster,Senate House,14713
2010,Palisades,Ulster,Sojourner Truth State Park,0
2010,Saratoga,Albany,John Boyd Thacher Pk,241643
2010,Saratoga,Albany,Schuyler Mansion,4914
2010,Saratoga,Albany,Thompson Lake St Pk,57043
2010,Saratoga,Columbia,Hudson River Islands,0
2010,Saratoga,Delaware,John Burroughs Memorial,2841
2010,Saratoga,Essex,Crown Point,16997
2010,Saratoga,Essex,John Brown Farm,65952
2010,Saratoga,Fulton,Johnson Hall,47812
2010,Saratoga,Greene,Athens,39511
2010,Saratoga,Greene,Coxsackie,111135
2010,Saratoga,Montgomery,Schoharie Crossing,52615
2010,Saratoga,Rensselaer,Bennington Battlefield,12339
2010,Saratoga,Rensselaer,Cherry Plain St Pk,24775
2010,Saratoga,Rensselaer,Crailo,4504
2010,Saratoga,Rensselaer,Grafton Lakes St Pk,220952
2010,Saratoga,Rensselaer,Schodack Island,76453
2010,Saratoga,Saratoga,Grants Cottage,3458
2010,Saratoga,Saratoga,Peebles Island,89067
2010,Saratoga,Saratoga,Saratoga Lake Boat Lnch,76545
2010,Saratoga,Saratoga,Saratoga Springs,2007752
2010,Saratoga,Saratoga/Warren,Moreau Lake St Pk,425167
2010,Saratoga,Schoharie,Max V Shaul Campsite,3877
2010,Saratoga,Schoharie,Minekill,67447
2010,Taconic,Columbia,Clermont,98574
2010,Taconic,Columbia,Copake Falls,183881
2010,Taconic,Columbia,Lake Taghkanic St Park,221494
2010,Taconic,Columbia,Olana,129676
2010,Taconic,Columbia/Dutchess,Rudd Pond,16452
2010,Taconic,Dutchess,Clinton House,962
2010,Taconic,Dutchess,James Baird,146709
2010,Taconic,Dutchess,Mills Norrie St Pk,218737
2010,Taconic,Dutchess,Staatsburgh Shs,16128
2010,Taconic,Dutchess/Putnam,Hudson Highlands,173314
2010,Taconic,Dutchess/Ulster,Walkway Over The Hudson,409669
2010,Taconic,Putnam,Clarence Fahnestock,234817
2010,Taconic,Putnam,Taconic Outdoor Education Center,19651
2010,Taconic,Westchester,F D Roosevelt,548587
2010,Taconic,Westchester,John Jay Homestead,33413
2010,Taconic,Westchester,Old Croton Aqueduct,848512
2010,Taconic,Westchester,Philipse Manor,21216
2010,Taconic,Westchester,Rockefeller Preserve,282958
2010,Thousand Islands,Clinton,Cumberland Bay St Pk,46709
2010,Thousand Islands,Clinton,Great Chazy Boat Launch,14997
2010,Thousand Islands,Clinton,Macomb Reservation,18421
2010,Thousand Islands,Clinton,Point Au Roche,64334
2010,Thousand Islands,Clinton,Point Au Roche Boat Lau,11207
2010,Thousand Islands,Jefferson,Black River Trail,76323
2010,Thousand Islands,Jefferson,Burnham Pnt River Park,13414
2010,Thousand Islands,Jefferson,Canoe-Picnic Pnt River,6440
2010,Thousand Islands,Jefferson,Cedar Pnt River Park,69894
2010,Thousand Islands,Jefferson,Chaumont Boat Launch,40971
2010,Thousand Islands,Jefferson,Dewolf Point,11090
2010,Thousand Islands,Jefferson,Grass Pnt River Park,39214
2010,Thousand Islands,Jefferson,Keewaydin St Park,47572
2010,Thousand Islands,Jefferson,Kring Point,57655
2010,Thousand Islands,Jefferson,Long Point River Park,28797
2010,Thousand Islands,Jefferson,Mary Island River Park,4077
2010,Thousand Islands,Jefferson,Rock Island,4708
2010,Thousand Islands,Jefferson,Sackets Harbor Btl Field,85382
2010,Thousand Islands,Jefferson,Southwick Beach St Pk,100464
2010,Thousand Islands,Jefferson,Stony Creek,23623
2010,Thousand Islands,Jefferson,Thousand Island Admin.,0
2010,Thousand Islands,Jefferson,Waterson Point Docking,1680
2010,Thousand Islands,Jefferson,Wehle State Park,44994
2010,Thousand Islands,Jefferson,Wellesley Island St Pk,200400
2010,Thousand Islands,Jefferson,Westcott Beach St Pk,125945
2010,Thousand Islands,Lewis,Whetstone Gulf,124227
2010,Thousand Islands,St Lawrence,Black Lk Boat Launch,7002
2010,Thousand Islands,St Lawrence,Cedar Island River Park,1728
2010,Thousand Islands,St Lawrence,Coles Creek,114295
2010,Thousand Islands,St Lawrence,Eel Weir St Park,1990
2010,Thousand Islands,St Lawrence,Higley Flow St Park,44672
2010,Thousand Islands,St Lawrence,Jacques Cartier St Pk,22029
2010,Thousand Islands,St Lawrence,Robert Moses St Pk - Thousand Islands,71050
2010,Thousand Islands,St Lawrence,St Lawrence Golf Course,12287
2010,Thousand Islands,St Lawrence,Wilson Hill Boat Launch,8636
2009,Allegany,Cattaraugus,Allegany Quaker Area,781833
2009,Allegany,Cattaraugus,Allegany Red House Area,748255
2009,Allegany,Chautauqua,Lake Erie St Pk,114267
2009,Allegany,Chautauqua,Long Point Marina,138449
2009,Allegany,Chautauqua,Midway State Park,116996
2009,Central,Broome,Chenango Valley St Pk,176323
2009,Central,Broome,Chittengo Lndg,0
2009,Central,Broome/Delaware,Oquaga State Park,25319
2009,Central,Chenango,Bowman Lake St Pk,43768
2009,Central,Chenango,Hunts Pond State Park,4757
2009,Central,Herkimer,Herkimer Home,27992
2009,Central,Madison,Chittenango Fls St Pk,47258
2009,Central,Madison,Lorenzo,31123
2009,Central,Oneida,Delta Lake St Pk,172280
2009,Central,Oneida,Oriskany Battlefield,7183
2009,Central,Oneida,Pixley Falls State Park,0
2009,Central,Oneida,Steuben Memorial,967
2009,Central,Oneida,Verona Beach State Park,230380
2009,Central,Onondaga,Clark Reservation,37186
2009,Central,Onondaga,Green Lakes State Park,848281
2009,Central,Onondaga/Madison/Oneida,Old Erie Canal,89932
2009,Central,Oswego,Battle Isl Golf Course,31065
2009,Central,Oswego,Fort Ontario,121620
2009,Central,Oswego,Mexico Point Boat Launch,25845
2009,Central,Oswego,Pine Grove Boatlaunch,0
2009,Central,Oswego,Sandy Island Beach,36983
2009,Central,Oswego,Selkirk Shores,150790
2009,Central,Otsego,Betty And Wilbur Davis State Park,22582
2009,Central,Otsego,Canadarago Boat Lnch,22927
2009,Central,Otsego,Gilbert Lake St Pk,87784
2009,Central,Otsego,Glimmerglass State Park,99380
2009,Finger Lakes,Cayuga,Fair Haven St Pk,282830
2009,Finger Lakes,Cayuga,Fillmore Glen St Pk,89869
2009,Finger Lakes,Cayuga,Long Point St Pk,27907
2009,Finger Lakes,Cayuga,Springbrook Greens,9015
2009,Finger Lakes,Chemung,Newtown Battlefield,30387
2009,Finger Lakes,Chemung,Soaring Eagles Golf Course,29419
2009,Finger Lakes,Ontario,Ganondagan,35286
2009,Finger Lakes,Ontario,H H Spencer,5510
2009,Finger Lakes,Ontario,Honeoye Bt Lau,26417
2009,Finger Lakes,Ontario/Seneca,Seneca Lake St Pk,171762
2009,Finger Lakes,Schuyler,Watkins Glen St Pk,462103
2009,Finger Lakes,Seneca,Bonavista Golf Course,12309
2009,Finger Lakes,Seneca,Cayuga Lake St Pk,131391
2009,Finger Lakes,Seneca,Lodi Point Marina/Boat,24014
2009,Finger Lakes,Seneca,Sampson St Pk,171828
2009,Finger Lakes,Steuben,Indian Hills Golf Course,38303
2009,Finger Lakes,Steuben,Pinnacle Golf,24145
2009,Finger Lakes,Steuben,Stony Brook St Pk,129984
2009,Finger Lakes,Tompkins,Allan Treman Marina,184372
2009,Finger Lakes,Tompkins,Buttermilk Falls St Pk,182619
2009,Finger Lakes,Tompkins,Finger Lakes Admin.,0
2009,Finger Lakes,Tompkins,Robert H Treman St Pk,223915
2009,Finger Lakes,Tompkins,Taughannock Falls St Pk,428700
2009,Finger Lakes,Wayne,Beechwood,7215
2009,Finger Lakes,Wayne,Canadaigua Btlau Ontrio,38843
2009,Finger Lakes,Wayne,Chimney Bluffs,84182
2009,Finger Lakes,Wayne,Deans Cove Boat Launch,16890
2009,Finger Lakes,Yates,Keuka Lake St Pk,92911
2009,Genesee,Allegany/Cattaraugus/Livingston/Monroe,Genesee Valley Greenway,39268
2009,Genesee,Genesee,Darien Lakes State Park,50327
2009,Genesee,Livingston,Conesus Lake Boat Launch,21836
2009,Genesee,Livingston/Wyoming,Letchworth State Park,634556
2009,Genesee,Monroe,Braddock Bay,39561
2009,Genesee,Monroe,Durand Eastman,26423
2009,Genesee,Monroe,Genesee River Park,2262
2009,Genesee,Monroe,Hamlin Beach State Park,248348
2009,Genesee,Monroe,Irondquoit Bay Boat Lnch,39121
2009,Genesee,Orleans,Lakeside Beach St Pk,74000
2009,Genesee,Orleans,Oak Orchard Boat Launch,9050
2009,Genesee,Wyoming,Silver Lake,20164
2009,Long Island,Nassau,Hempstead Lake St Pk,343259
2009,Long Island,Nassau,Jones Beach,6284928
2009,Long Island,Nassau,Planting Fields A,173455
2009,Long Island,Nassau,Valley Stream St Pk,253614
2009,Long Island,Nassau/Suffolk,Bethpage Golf Course,1000815
2009,Long Island,Nassau/Suffolk,Trailview,111068
2009,Long Island,Suffolk,Bayard C. A.,147198
2009,Long Island,Suffolk,Belmont Lakes St Pk,405300
2009,Long Island,Suffolk,Brentwood Sp,78150
2009,Long Island,Suffolk,Brookhaven State Park,6686
2009,Long Island,Suffolk,Caleb Smith State Park,30690
2009,Long Island,Suffolk,Camp Hero,182625
2009,Long Island,Suffolk,Captree St Pk,1206441
2009,Long Island,Suffolk,Caumsett St Pk,369890
2009,Long Island,Suffolk,Cold Spring Harbor,151438
2009,Long Island,Suffolk,Connetquot River St Pk,202010
2009,Long Island,Suffolk,Heckscher St Park,1385349
2009,Long Island,Suffolk,Hither Hills,353865
2009,Long Island,Suffolk,Montauk Downs,170360
2009,Long Island,Suffolk,Montauk Point,716240
2009,Long Island,Suffolk,Napeague State Park,162570
2009,Long Island,Suffolk,Nissequogue River,87486
2009,Long Island,Suffolk,Orient Beach St Pk,111473
2009,Long Island,Suffolk,Robert Moses St Pk - Long Island,3649619
2009,Long Island,Suffolk,Sag Harbour,35785
2009,Long Island,Suffolk,Shadmore,93485
2009,Long Island,Suffolk,Sunken Meadow St Pk,1447456
2009,Long Island,Suffolk,Walt Whitman House,7156
2009,Long Island,Suffolk,Wildwood State Park,274000
2009,New York City,Bronx,Roberto Clemente,818393
2009,New York City,Kings,Empire Fulton Ferry,378706
2009,New York City,Kings,Marsha P. Johnson State Park (former East River State Park until 2020),237310
2009,New York City,New York,Riverbank Fitness Cntr,31197
2009,New York City,New York,Riverbank Rollr-Ice Rnks,249705
2009,New York City,New York,Riverbank State Park,3609449
2009,New York City,Queens,Bayswater Point St Pk,8730
2009,New York City,Queens,Gantry Plaza,343384
2009,New York City,Richmond,Clay Pit Ponds,62398
2009,Niagara,Erie,Beaver Island,304298
2009,Niagara,Erie,Big 6 Marina,21000
2009,Niagara,Erie,Buckhorn,28680
2009,Niagara,Erie,Buffalo Harbor St Pk & Marina,0
2009,Niagara,Erie,Evangola St Pk,81964
2009,Niagara,Erie,Knox Farm Sp,126838
2009,Niagara,Erie,Woodlawn Beach,116753
2009,Niagara,Niagara,Artpark,159051
2009,Niagara,Niagara,Deveaux Woods,34205
2009,Niagara,Niagara,Devils Hole,111198
2009,Niagara,Niagara,Four  Mile Creek,72836
2009,Niagara,Niagara,Ft Niagara,292700
2009,Niagara,Niagara,Golden Hill St Pk,239893
2009,Niagara,Niagara,Joseph Davis St Pk,33131
2009,Niagara,Niagara,Niagara Reservation,8130765
2009,Niagara,Niagara,Reservoir St Pk,66923
2009,Niagara,Niagara,Whirlpool,176503
2009,Niagara,Niagara,Wilson Tuscarora St Pk,143989
2009,Palisades,Dutchess/Orange/Putnam/Rockland,Appalachian Trail,1387
2009,Palisades,Orange,Fort Montgomery,21415
2009,Palisades,Orange,Goosepond Mountain,1179
2009,Palisades,Orange,Highland Lakes,463
2009,Palisades,Orange,Knox Headquarters,25363
2009,Palisades,Orange,National Purple Heart Hall Of Honor,10388
2009,Palisades,Orange,New Windsor Cantonment,19305
2009,Palisades,Orange,Schunnemunk State Park,30468
2009,Palisades,Orange,Sterling Forest,176457
2009,Palisades,Orange,Storm King,3993
2009,Palisades,Orange,Tiorati,264169
2009,Palisades,Orange,Washington Headquarters,22025
2009,Palisades,Orange/Rockland,Bear Mountain St Pk,1219591
2009,Palisades,Orange/Rockland,Harriman Group Camp,178459
2009,Palisades,Orange/Rockland,Harriman Hiker Trail,35363
2009,Palisades,Orange/Rockland,Sebago Lake,383009
2009,Palisades,Rockland,Anthony Wayne,365502
2009,Palisades,Rockland,Blauvelt,24148
2009,Palisades,Rockland,Harriman Beaver Pond,41347
2009,Palisades,Rockland,Haverstraw Beach,13993
2009,Palisades,Rockland,High Tor St Pk,53936
2009,Palisades,Rockland,Hook Mountain,22681
2009,Palisades,Rockland,Lake Welch,297086
2009,Palisades,Rockland,Nyack Beach St Pk,124536
2009,Palisades,Rockland,Palisades,5147
2009,Palisades,Rockland,Rockland Lake State Park,707891
2009,Palisades,Rockland,Stony Point Battlefield,29557
2009,Palisades,Rockland,Tallman Mountain St Pk,265106
2009,Palisades,Sullivan,Lake Superior,14340
2009,Palisades,Ulster,Bristol Beach,17641
2009,Palisades,Ulster,Minnewaska Park,237950
2009,Palisades,Ulster,Senate House,16773
2009,Palisades,Ulster,Sojourner Truth State Park,0
2009,Saratoga,Albany,John Boyd Thacher Pk,235179
2009,Saratoga,Albany,Schuyler Mansion,4888
2009,Saratoga,Albany,Thompson Lake St Pk,58642
2009,Saratoga,Columbia,Hudson River Islands,7012
2009,Saratoga,Delaware,John Burroughs Memorial,2391
2009,Saratoga,Essex,Crown Point,20782
2009,Saratoga,Essex,John Brown Farm,58782
2009,Saratoga,Fulton,Johnson Hall,50664
2009,Saratoga,Greene,Athens,38121
2009,Saratoga,Greene,Coxsackie,93078
2009,Saratoga,Montgomery,Schoharie Crossing,61527
2009,Saratoga,Rensselaer,Bennington Battlefield,15498
2009,Saratoga,Rensselaer,Cherry Plain St Pk,27155
2009,Saratoga,Rensselaer,Crailo,6473
2009,Saratoga,Rensselaer,Grafton Lakes St Pk,198281
2009,Saratoga,Rensselaer,Schodack Island,74678
2009,Saratoga,Saratoga,Grants Cottage,3034
2009,Saratoga,Saratoga,Peebles Island,94316
2009,Saratoga,Saratoga,Saratoga Lake Boat Lnch,90148
2009,Saratoga,Saratoga,Saratoga Springs,1530259
2009,Saratoga,Saratoga/Warren,Moreau Lake St Pk,395910
2009,Saratoga,Schoharie,Max V Shaul Campsite,5511
2009,Saratoga,Schoharie,Minekill,65235
2009,Taconic,Columbia,Clermont,88151
2009,Taconic,Columbia,Copake Falls,151206
2009,Taconic,Columbia,Lake Taghkanic St Park,196723
2009,Taconic,Columbia,Olana,135564
2009,Taconic,Columbia/Dutchess,Rudd Pond,16954
2009,Taconic,Dutchess,Clinton House,2288
2009,Taconic,Dutchess,James Baird,190337
2009,Taconic,Dutchess,Mills Norrie St Pk,215731
2009,Taconic,Dutchess,Staatsburgh Shs,15619
2009,Taconic,Dutchess/Putnam,Hudson Highlands,159276
2009,Taconic,Dutchess/Ulster,Walkway Over The Hudson,440068
2009,Taconic,Putnam,Clarence Fahnestock,212171
2009,Taconic,Putnam,Taconic Outdoor Education Center,17661
2009,Taconic,Westchester,F D Roosevelt,502247
2009,Taconic,Westchester,John Jay Homestead,30368
2009,Taconic,Westchester,Old Croton Aqueduct,824313
2009,Taconic,Westchester,Philipse Manor,22517
2009,Taconic,Westchester,Rockefeller Preserve,274159
2009,Thousand Islands,Clinton,Cumberland Bay St Pk,53209
2009,Thousand Islands,Clinton,Great Chazy Boat Launch,14542
2009,Thousand Islands,Clinton,Macomb Reservation,37900
2009,Thousand Islands,Clinton,Point Au Roche,64542
2009,Thousand Islands,Clinton,Point Au Roche Boat Lau,7646
2009,Thousand Islands,Jefferson,Black River Trail,67459
2009,Thousand Islands,Jefferson,Burnham Pnt River Park,11895
2009,Thousand Islands,Jefferson,Canoe-Picnic Pnt River,7159
2009,Thousand Islands,Jefferson,Cedar Pnt River Park,68376
2009,Thousand Islands,Jefferson,Chaumont Boat Launch,39875
2009,Thousand Islands,Jefferson,Dewolf Point,9528
2009,Thousand Islands,Jefferson,Grass Pnt River Park,37349
2009,Thousand Islands,Jefferson,Keewaydin St Park,49052
2009,Thousand Islands,Jefferson,Kring Point,59283
2009,Thousand Islands,Jefferson,Long Point River Park,29047
2009,Thousand Islands,Jefferson,Mary Island River Park,4503
2009,Thousand Islands,Jefferson,Rock Island,3574
2009,Thousand Islands,Jefferson,Sackets Harbor Btl Field,98132
2009,Thousand Islands,Jefferson,Southwick Beach St Pk,90723
2009,Thousand Islands,Jefferson,Stony Creek,24373
2009,Thousand Islands,Jefferson,Thousand Island Admin.,0
2009,Thousand Islands,Jefferson,Waterson Point Docking,1454
2009,Thousand Islands,Jefferson,Wehle State Park,39742
2009,Thousand Islands,Jefferson,Wellesley Island St Pk,197448
2009,Thousand Islands,Jefferson,Westcott Beach St Pk,110018
2009,Thousand Islands,Lewis,Whetstone Gulf,86645
2009,Thousand Islands,St Lawrence,Black Lk Boat Launch,7694
2009,Thousand Islands,St Lawrence,Cedar Island River Park,2649
2009,Thousand Islands,St Lawrence,Coles Creek,116149
2009,Thousand Islands,St Lawrence,Eel Weir St Park,4427
2009,Thousand Islands,St Lawrence,Higley Flow St Park,41208
2009,Thousand Islands,St Lawrence,Jacques Cartier St Pk,20574
2009,Thousand Islands,St Lawrence,Robert Moses St Pk - Thousand Islands,240628
2009,Thousand Islands,St Lawrence,St Lawrence Golf Course,13192
2009,Thousand Islands,St Lawrence,Wilson Hill Boat Launch,9885
2008,Allegany,Cattaraugus,Allegany Quaker Area,787724
2008,Allegany,Cattaraugus,Allegany Red House Area,785967
2008,Allegany,Chautauqua,Lake Erie St Pk,116844
2008,Allegany,Chautauqua,Long Point Marina,137912
2008,Allegany,Chautauqua,Midway State Park,155325
2008,Central,Broome,Chenango Valley St Pk,175587
2008,Central,Broome,Chittengo Lndg,0
2008,Central,Broome/Delaware,Oquaga State Park,33445
2008,Central,Chenango,Bowman Lake St Pk,55721
2008,Central,Chenango,Hunts Pond State Park,7927
2008,Central,Herkimer,Herkimer Home,27940
2008,Central,Madison,Chittenango Fls St Pk,40234
2008,Central,Madison,Lorenzo,40711
2008,Central,Oneida,Delta Lake St Pk,181829
2008,Central,Oneida,Oriskany Battlefield,6360
2008,Central,Oneida,Pixley Falls State Park,17946
2008,Central,Oneida,Steuben Memorial,908
2008,Central,Oneida,Verona Beach State Park,125553
2008,Central,Onondaga,Clark Reservation,29609
2008,Central,Onondaga,Green Lakes State Park,847567
2008,Central,Onondaga/Madison/Oneida,Old Erie Canal,89412
2008,Central,Oswego,Battle Isl Golf Course,31416
2008,Central,Oswego,Fort Ontario,110865
2008,Central,Oswego,Mexico Point Boat Launch,27678
2008,Central,Oswego,Pine Grove Boatlaunch,0
2008,Central,Oswego,Sandy Island Beach,28637
2008,Central,Oswego,Selkirk Shores,160287
2008,Central,Otsego,Betty And Wilbur Davis State Park,16090
2008,Central,Otsego,Canadarago Boat Lnch,19999
2008,Central,Otsego,Gilbert Lake St Pk,86758
2008,Central,Otsego,Glimmerglass State Park,90950
2008,Finger Lakes,Cayuga,Fair Haven St Pk,258485
2008,Finger Lakes,Cayuga,Fillmore Glen St Pk,98844
2008,Finger Lakes,Cayuga,Long Point St Pk,27912
2008,Finger Lakes,Cayuga,Springbrook Greens,8735
2008,Finger Lakes,Chemung,Newtown Battlefield,38736
2008,Finger Lakes,Chemung,Soaring Eagles Golf Course,33200
2008,Finger Lakes,Ontario,Ganondagan,37928
2008,Finger Lakes,Ontario,H H Spencer,6443
2008,Finger Lakes,Ontario,Honeoye Bt Lau,25996
2008,Finger Lakes,Ontario/Seneca,Seneca Lake St Pk,169670
2008,Finger Lakes,Schuyler,Watkins Glen St Pk,431688
2008,Finger Lakes,Seneca,Bonavista Golf Course,15582
2008,Finger Lakes,Seneca,Cayuga Lake St Pk,154610
2008,Finger Lakes,Seneca,Lodi Point Marina/Boat,21911
2008,Finger Lakes,Seneca,Sampson St Pk,181926
2008,Finger Lakes,Steuben,Indian Hills Golf Course,43396
2008,Finger Lakes,Steuben,Pinnacle Golf,25169
2008,Finger Lakes,Steuben,Stony Brook St Pk,116595
2008,Finger Lakes,Tompkins,Allan Treman Marina,160923
2008,Finger Lakes,Tompkins,Buttermilk Falls St Pk,158988
2008,Finger Lakes,Tompkins,Finger Lakes Admin.,0
2008,Finger Lakes,Tompkins,Robert H Treman St Pk,199115
2008,Finger Lakes,Tompkins,Taughannock Falls St Pk,412873
2008,Finger Lakes,Wayne,Beechwood,11194
2008,Finger Lakes,Wayne,Canadaigua Btlau Ontrio,45421
2008,Finger Lakes,Wayne,Chimney Bluffs,74254
2008,Finger Lakes,Wayne,Deans Cove Boat Launch,21442
2008,Finger Lakes,Yates,Keuka Lake St Pk,86390
2008,Genesee,Allegany/Cattaraugus/Livingston/Monroe,Genesee Valley Greenway,28545
2008,Genesee,Genesee,Darien Lakes State Park,55184
2008,Genesee,Livingston,Conesus Lake Boat Launch,21245
2008,Genesee,Livingston/Wyoming,Letchworth State Park,665326
2008,Genesee,Monroe,Braddock Bay,34825
2008,Genesee,Monroe,Durand Eastman,22508
2008,Genesee,Monroe,Genesee River Park,1811
2008,Genesee,Monroe,Hamlin Beach State Park,246088
2008,Genesee,Monroe,Irondquoit Bay Boat Lnch,35540
2008,Genesee,Orleans,Lakeside Beach St Pk,74580
2008,Genesee,Orleans,Oak Orchard Boat Launch,7860
2008,Genesee,Wyoming,Silver Lake,23800
2008,Long Island,Nassau,Hempstead Lake St Pk,312946
2008,Long Island,Nassau,Jones Beach,6291943
2008,Long Island,Nassau,Planting Fields A,180207
2008,Long Island,Nassau,Valley Stream St Pk,217023
2008,Long Island,Nassau/Suffolk,Bethpage Golf Course,833207
2008,Long Island,Nassau/Suffolk,Trailview,98937
2008,Long Island,Suffolk,Bayard C. A.,149938
2008,Long Island,Suffolk,Belmont Lakes St Pk,377400
2008,Long Island,Suffolk,Brentwood Sp,90000
2008,Long Island,Suffolk,Brookhaven State Park,4875
2008,Long Island,Suffolk,Caleb Smith State Park,31026
2008,Long Island,Suffolk,Camp Hero,178750
2008,Long Island,Suffolk,Captree St Pk,1145106
2008,Long Island,Suffolk,Caumsett St Pk,330378
2008,Long Island,Suffolk,Cold Spring Harbor,146467
2008,Long Island,Suffolk,Connetquot River St Pk,235544
2008,Long Island,Suffolk,Heckscher St Park,1098350
2008,Long Island,Suffolk,Hither Hills,355138
2008,Long Island,Suffolk,Montauk Downs,214790
2008,Long Island,Suffolk,Montauk Point,872840
2008,Long Island,Suffolk,Napeague State Park,188665
2008,Long Island,Suffolk,Nissequogue River,95007
2008,Long Island,Suffolk,Orient Beach St Pk,111157
2008,Long Island,Suffolk,Robert Moses St Pk - Long Island,3257581
2008,Long Island,Suffolk,Sag Harbour,37870
2008,Long Island,Suffolk,Shadmore,111595
2008,Long Island,Suffolk,Sunken Meadow St Pk,1680069
2008,Long Island,Suffolk,Walt Whitman House,17576
2008,Long Island,Suffolk,Wildwood State Park,280529
2008,New York City,Bronx,Roberto Clemente,1215014
2008,New York City,Kings,Empire Fulton Ferry,472894
2008,New York City,Kings,Marsha P. Johnson State Park (former East River State Park until 2020),182144
2008,New York City,New York,Riverbank Fitness Cntr,43083
2008,New York City,New York,Riverbank Rollr-Ice Rnks,262624
2008,New York City,New York,Riverbank State Park,2715154
2008,New York City,Queens,Bayswater Point St Pk,1769
2008,New York City,Queens,Gantry Plaza,203334
2008,New York City,Richmond,Clay Pit Ponds,54827
2008,Niagara,Erie,Beaver Island,289349
2008,Niagara,Erie,Big 6 Marina,49640
2008,Niagara,Erie,Buckhorn,29300
2008,Niagara,Erie,Buffalo Harbor St Pk & Marina,0
2008,Niagara,Erie,Evangola St Pk,95151
2008,Niagara,Erie,Knox Farm Sp,88284
2008,Niagara,Erie,Woodlawn Beach,166146
2008,Niagara,Niagara,Artpark,162931
2008,Niagara,Niagara,Deveaux Woods,26768
2008,Niagara,Niagara,Devils Hole,133641
2008,Niagara,Niagara,Four  Mile Creek,75611
2008,Niagara,Niagara,Ft Niagara,272076
2008,Niagara,Niagara,Golden Hill St Pk,320403
2008,Niagara,Niagara,Joseph Davis St Pk,23039
2008,Niagara,Niagara,Niagara Reservation,7925725
2008,Niagara,Niagara,Reservoir St Pk,77879
2008,Niagara,Niagara,Whirlpool,229612
2008,Niagara,Niagara,Wilson Tuscarora St Pk,197212
2008,Palisades,Dutchess/Orange/Putnam/Rockland,Appalachian Trail,1951
2008,Palisades,Orange,Fort Montgomery,14946
2008,Palisades,Orange,Goosepond Mountain,1153
2008,Palisades,Orange,Highland Lakes,898
2008,Palisades,Orange,Knox Headquarters,23823
2008,Palisades,Orange,National Purple Heart Hall Of Honor,12093
2008,Palisades,Orange,New Windsor Cantonment,15729
2008,Palisades,Orange,Schunnemunk State Park,28579
2008,Palisades,Orange,Sterling Forest,157074
2008,Palisades,Orange,Storm King,2343
2008,Palisades,Orange,Tiorati,246902
2008,Palisades,Orange,Washington Headquarters,22925
2008,Palisades,Orange/Rockland,Bear Mountain St Pk,1003031
2008,Palisades,Orange/Rockland,Harriman Group Camp,107889
2008,Palisades,Orange/Rockland,Harriman Hiker Trail,29976
2008,Palisades,Orange/Rockland,Sebago Lake,253677
2008,Palisades,Rockland,Anthony Wayne,433075
2008,Palisades,Rockland,Blauvelt,28026
2008,Palisades,Rockland,Harriman Beaver Pond,66551
2008,Palisades,Rockland,Haverstraw Beach,16482
2008,Palisades,Rockland,High Tor St Pk,68440
2008,Palisades,Rockland,Hook Mountain,26609
2008,Palisades,Rockland,Lake Welch,277594
2008,Palisades,Rockland,Nyack Beach St Pk,124378
2008,Palisades,Rockland,Palisades,4685
2008,Palisades,Rockland,Rockland Lake State Park,583955
2008,Palisades,Rockland,Stony Point Battlefield,29118
2008,Palisades,Rockland,Tallman Mountain St Pk,291080
2008,Palisades,Sullivan,Lake Superior,17642
2008,Palisades,Ulster,Bristol Beach,81359
2008,Palisades,Ulster,Minnewaska Park,232032
2008,Palisades,Ulster,Senate House,23160
2008,Palisades,Ulster,Sojourner Truth State Park,0
2008,Saratoga,Albany,John Boyd Thacher Pk,248202
2008,Saratoga,Albany,Schuyler Mansion,5053
2008,Saratoga,Albany,Thompson Lake St Pk,56983
2008,Saratoga,Columbia,Hudson River Islands,8686
2008,Saratoga,Delaware,John Burroughs Memorial,2148
2008,Saratoga,Essex,Crown Point,14235
2008,Saratoga,Essex,John Brown Farm,62160
2008,Saratoga,Fulton,Johnson Hall,62006
2008,Saratoga,Greene,Athens,41634
2008,Saratoga,Greene,Coxsackie,98539
2008,Saratoga,Montgomery,Schoharie Crossing,44980
2008,Saratoga,Rensselaer,Bennington Battlefield,19161
2008,Saratoga,Rensselaer,Cherry Plain St Pk,29164
2008,Saratoga,Rensselaer,Crailo,5547
2008,Saratoga,Rensselaer,Grafton Lakes St Pk,174324
2008,Saratoga,Rensselaer,Schodack Island,53729
2008,Saratoga,Saratoga,Grants Cottage,2559
2008,Saratoga,Saratoga,Peebles Island,88184
2008,Saratoga,Saratoga,Saratoga Lake Boat Lnch,64826
2008,Saratoga,Saratoga,Saratoga Springs,1486723
2008,Saratoga,Saratoga/Warren,Moreau Lake St Pk,367828
2008,Saratoga,Schoharie,Max V Shaul Campsite,5712
2008,Saratoga,Schoharie,Minekill,56361
2008,Taconic,Columbia,Clermont,104692
2008,Taconic,Columbia,Copake Falls,153196
2008,Taconic,Columbia,Lake Taghkanic St Park,184023
2008,Taconic,Columbia,Olana,165702
2008,Taconic,Columbia/Dutchess,Rudd Pond,16355
2008,Taconic,Dutchess,Clinton House,2139
2008,Taconic,Dutchess,James Baird,147376
2008,Taconic,Dutchess,Mills Norrie St Pk,244539
2008,Taconic,Dutchess,Staatsburgh Shs,19240
2008,Taconic,Dutchess/Putnam,Hudson Highlands,156992
2008,Taconic,Dutchess/Ulster,Walkway Over The Hudson,0
2008,Taconic,Putnam,Clarence Fahnestock,204923
2008,Taconic,Putnam,Taconic Outdoor Education Center,19149
2008,Taconic,Westchester,F D Roosevelt,529277
2008,Taconic,Westchester,John Jay Homestead,28785
2008,Taconic,Westchester,Old Croton Aqueduct,952231
2008,Taconic,Westchester,Philipse Manor,23554
2008,Taconic,Westchester,Rockefeller Preserve,318712
2008,Thousand Islands,Clinton,Cumberland Bay St Pk,55934
2008,Thousand Islands,Clinton,Great Chazy Boat Launch,13553
2008,Thousand Islands,Clinton,Macomb Reservation,29528
2008,Thousand Islands,Clinton,Point Au Roche,58626
2008,Thousand Islands,Clinton,Point Au Roche Boat Lau,6781
2008,Thousand Islands,Jefferson,Black River Trail,59183
2008,Thousand Islands,Jefferson,Burnham Pnt River Park,11826
2008,Thousand Islands,Jefferson,Canoe-Picnic Pnt River,8762
2008,Thousand Islands,Jefferson,Cedar Pnt River Park,64354
2008,Thousand Islands,Jefferson,Chaumont Boat Launch,32415
2008,Thousand Islands,Jefferson,Dewolf Point,8514
2008,Thousand Islands,Jefferson,Grass Pnt River Park,36567
2008,Thousand Islands,Jefferson,Keewaydin St Park,52622
2008,Thousand Islands,Jefferson,Kring Point,49976
2008,Thousand Islands,Jefferson,Long Point River Park,25597
2008,Thousand Islands,Jefferson,Mary Island River Park,4835
2008,Thousand Islands,Jefferson,Rock Island,3123
2008,Thousand Islands,Jefferson,Sackets Harbor Btl Field,89069
2008,Thousand Islands,Jefferson,Southwick Beach St Pk,85493
2008,Thousand Islands,Jefferson,Stony Creek,22170
2008,Thousand Islands,Jefferson,Thousand Island Admin.,0
2008,Thousand Islands,Jefferson,Waterson Point Docking,955
2008,Thousand Islands,Jefferson,Wehle State Park,30046
2008,Thousand Islands,Jefferson,Wellesley Island St Pk,209845
2008,Thousand Islands,Jefferson,Westcott Beach St Pk,108480
2008,Thousand Islands,Lewis,Whetstone Gulf,90312
2008,Thousand Islands,St Lawrence,Black Lk Boat Launch,9236
2008,Thousand Islands,St Lawrence,Cedar Island River Park,1700
2008,Thousand Islands,St Lawrence,Coles Creek,122343
2008,Thousand Islands,St Lawrence,Eel Weir St Park,7120
2008,Thousand Islands,St Lawrence,Higley Flow St Park,37709
2008,Thousand Islands,St Lawrence,Jacques Cartier St Pk,23569
2008,Thousand Islands,St Lawrence,Robert Moses St Pk - Thousand Islands,239555
2008,Thousand Islands,St Lawrence,St Lawrence Golf Course,11991
2008,Thousand Islands,St Lawrence,Wilson Hill Boat Launch,9915
2007,Allegany,Cattaraugus,Allegany Quaker Area,766206
2007,Allegany,Cattaraugus,Allegany Red House Area,800376
2007,Allegany,Chautauqua,Lake Erie St Pk,126203
2007,Allegany,Chautauqua,Long Point Marina,139690
2007,Allegany,Chautauqua,Midway State Park,146965
2007,Central,Broome,Chenango Valley St Pk,242138
2007,Central,Broome,Chittengo Lndg,0
2007,Central,Broome/Delaware,Oquaga State Park,36592
2007,Central,Chenango,Bowman Lake St Pk,45882
2007,Central,Chenango,Hunts Pond State Park,5957
2007,Central,Herkimer,Herkimer Home,23446
2007,Central,Madison,Chittenango Fls St Pk,42210
2007,Central,Madison,Lorenzo,42174
2007,Central,Oneida,Delta Lake St Pk,173339
2007,Central,Oneida,Oriskany Battlefield,15485
2007,Central,Oneida,Pixley Falls State Park,12047
2007,Central,Oneida,Steuben Memorial,3662
2007,Central,Oneida,Verona Beach State Park,154623
2007,Central,Onondaga,Clark Reservation,36132
2007,Central,Onondaga,Green Lakes State Park,835444
2007,Central,Onondaga/Madison/Oneida,Old Erie Canal,127474
2007,Central,Oswego,Battle Isl Golf Course,30730
2007,Central,Oswego,Fort Ontario,102364
2007,Central,Oswego,Mexico Point Boat Launch,30232
2007,Central,Oswego,Pine Grove Boatlaunch,0
2007,Central,Oswego,Sandy Island Beach,28038
2007,Central,Oswego,Selkirk Shores,178870
2007,Central,Otsego,Betty And Wilbur Davis State Park,20134
2007,Central,Otsego,Canadarago Boat Lnch,26562
2007,Central,Otsego,Gilbert Lake St Pk,90101
2007,Central,Otsego,Glimmerglass State Park,95049
2007,Finger Lakes,Cayuga,Fair Haven St Pk,267471
2007,Finger Lakes,Cayuga,Fillmore Glen St Pk,93348
2007,Finger Lakes,Cayuga,Long Point St Pk,29546
2007,Finger Lakes,Cayuga,Springbrook Greens,8563
2007,Finger Lakes,Chemung,Newtown Battlefield,28358
2007,Finger Lakes,Chemung,Soaring Eagles Golf Course,34848
2007,Finger Lakes,Ontario,Ganondagan,37274
2007,Finger Lakes,Ontario,H H Spencer,8388
2007,Finger Lakes,Ontario,Honeoye Bt Lau,31986
2007,Finger Lakes,Ontario/Seneca,Seneca Lake St Pk,129339
2007,Finger Lakes,Schuyler,Watkins Glen St Pk,438549
2007,Finger Lakes,Seneca,Bonavista Golf Course,16227
2007,Finger Lakes,Seneca,Cayuga Lake St Pk,171363
2007,Finger Lakes,Seneca,Lodi Point Marina/Boat,18395
2007,Finger Lakes,Seneca,Sampson St Pk,183410
2007,Finger Lakes,Steuben,Indian Hills Golf Course,31325
2007,Finger Lakes,Steuben,Pinnacle Golf,29034
2007,Finger Lakes,Steuben,Stony Brook St Pk,130359
2007,Finger Lakes,Tompkins,Allan Treman Marina,153700
2007,Finger Lakes,Tompkins,Buttermilk Falls St Pk,160037
2007,Finger Lakes,Tompkins,Finger Lakes Admin.,0
2007,Finger Lakes,Tompkins,Robert H Treman St Pk,171361
2007,Finger Lakes,Tompkins,Taughannock Falls St Pk,525669
2007,Finger Lakes,Wayne,Beechwood,8874
2007,Finger Lakes,Wayne,Canadaigua Btlau Ontrio,50008
2007,Finger Lakes,Wayne,Chimney Bluffs,81609
2007,Finger Lakes,Wayne,Deans Cove Boat Launch,26661
2007,Finger Lakes,Yates,Keuka Lake St Pk,100887
2007,Genesee,Allegany/Cattaraugus/Livingston/Monroe,Genesee Valley Greenway,10885
2007,Genesee,Genesee,Darien Lakes State Park,62697
2007,Genesee,Livingston,Conesus Lake Boat Launch,23435
2007,Genesee,Livingston/Wyoming,Letchworth State Park,705439
2007,Genesee,Monroe,Braddock Bay,24754
2007,Genesee,Monroe,Durand Eastman,13398
2007,Genesee,Monroe,Genesee River Park,1182
2007,Genesee,Monroe,Hamlin Beach State Park,282950
2007,Genesee,Monroe,Irondquoit Bay Boat Lnch,20849
2007,Genesee,Orleans,Lakeside Beach St Pk,71022
2007,Genesee,Orleans,Oak Orchard Boat Launch,10924
2007,Genesee,Wyoming,Silver Lake,30407
2007,Long Island,Nassau,Hempstead Lake St Pk,322303
2007,Long Island,Nassau,Jones Beach,6088941
2007,Long Island,Nassau,Planting Fields A,182006
2007,Long Island,Nassau,Valley Stream St Pk,166400
2007,Long Island,Nassau/Suffolk,Bethpage Golf Course,854275
2007,Long Island,Nassau/Suffolk,Trailview,108031
2007,Long Island,Suffolk,Bayard C. A.,152796
2007,Long Island,Suffolk,Belmont Lakes St Pk,394600
2007,Long Island,Suffolk,Brentwood Sp,99700
2007,Long Island,Suffolk,Brookhaven State Park,2935
2007,Long Island,Suffolk,Caleb Smith State Park,27595
2007,Long Island,Suffolk,Camp Hero,171735
2007,Long Island,Suffolk,Captree St Pk,1270892
2007,Long Island,Suffolk,Caumsett St Pk,359194
2007,Long Island,Suffolk,Cold Spring Harbor,150174
2007,Long Island,Suffolk,Connetquot River St Pk,243208
2007,Long Island,Suffolk,Heckscher St Park,917270
2007,Long Island,Suffolk,Hither Hills,352371
2007,Long Island,Suffolk,Montauk Downs,245150
2007,Long Island,Suffolk,Montauk Point,899672
2007,Long Island,Suffolk,Napeague State Park,201910
2007,Long Island,Suffolk,Nissequogue River,88207
2007,Long Island,Suffolk,Orient Beach St Pk,85318
2007,Long Island,Suffolk,Robert Moses St Pk - Long Island,3460742
2007,Long Island,Suffolk,Sag Harbour,35511
2007,Long Island,Suffolk,Shadmore,120645
2007,Long Island,Suffolk,Sunken Meadow St Pk,2550645
2007,Long Island,Suffolk,Walt Whitman House,18031
2007,Long Island,Suffolk,Wildwood State Park,288028
2007,New York City,Bronx,Roberto Clemente,1272589
2007,New York City,Kings,Empire Fulton Ferry,377918
2007,New York City,Kings,Marsha P. Johnson State Park (former East River State Park until 2020),148712
2007,New York City,New York,Riverbank Fitness Cntr,40664
2007,New York City,New York,Riverbank Rollr-Ice Rnks,384215
2007,New York City,New York,Riverbank State Park,2006601
2007,New York City,Queens,Bayswater Point St Pk,4643
2007,New York City,Queens,Gantry Plaza,186290
2007,New York City,Richmond,Clay Pit Ponds,56735
2007,Niagara,Erie,Beaver Island,323524
2007,Niagara,Erie,Big 6 Marina,43513
2007,Niagara,Erie,Buckhorn,29039
2007,Niagara,Erie,Buffalo Harbor St Pk & Marina,0
2007,Niagara,Erie,Evangola St Pk,99220
2007,Niagara,Erie,Knox Farm Sp,86169
2007,Niagara,Erie,Woodlawn Beach,180326
2007,Niagara,Niagara,Artpark,150581
2007,Niagara,Niagara,Deveaux Woods,28693
2007,Niagara,Niagara,Devils Hole,142625
2007,Niagara,Niagara,Four  Mile Creek,92287
2007,Niagara,Niagara,Ft Niagara,285993
2007,Niagara,Niagara,Golden Hill St Pk,294268
2007,Niagara,Niagara,Joseph Davis St Pk,24563
2007,Niagara,Niagara,Niagara Reservation,7924083
2007,Niagara,Niagara,Reservoir St Pk,85395
2007,Niagara,Niagara,Whirlpool,244255
2007,Niagara,Niagara,Wilson Tuscarora St Pk,218146
2007,Palisades,Dutchess/Orange/Putnam/Rockland,Appalachian Trail,2515
2007,Palisades,Orange,Fort Montgomery,10818
2007,Palisades,Orange,Goosepond Mountain,1254
2007,Palisades,Orange,Highland Lakes,862
2007,Palisades,Orange,Knox Headquarters,21855
2007,Palisades,Orange,National Purple Heart Hall Of Honor,15
2007,Palisades,Orange,New Windsor Cantonment,21122
2007,Palisades,Orange,Schunnemunk State Park,25567
2007,Palisades,Orange,Sterling Forest,149188
2007,Palisades,Orange,Storm King,2977
2007,Palisades,Orange,Tiorati,232105
2007,Palisades,Orange,Washington Headquarters,19745
2007,Palisades,Orange/Rockland,Bear Mountain St Pk,1111305
2007,Palisades,Orange/Rockland,Harriman Group Camp,149039
2007,Palisades,Orange/Rockland,Harriman Hiker Trail,31857
2007,Palisades,Orange/Rockland,Sebago Lake,206913
2007,Palisades,Rockland,Anthony Wayne,722200
2007,Palisades,Rockland,Blauvelt,24769
2007,Palisades,Rockland,Harriman Beaver Pond,73018
2007,Palisades,Rockland,Haverstraw Beach,17642
2007,Palisades,Rockland,High Tor St Pk,64637
2007,Palisades,Rockland,Hook Mountain,30164
2007,Palisades,Rockland,Lake Welch,265911
2007,Palisades,Rockland,Nyack Beach St Pk,160189
2007,Palisades,Rockland,Palisades,4048
2007,Palisades,Rockland,Rockland Lake State Park,1273985
2007,Palisades,Rockland,Stony Point Battlefield,26420
2007,Palisades,Rockland,Tallman Mountain St Pk,302441
2007,Palisades,Sullivan,Lake Superior,17426
2007,Palisades,Ulster,Bristol Beach,17753
2007,Palisades,Ulster,Minnewaska Park,205986
2007,Palisades,Ulster,Senate House,22731
2007,Palisades,Ulster,Sojourner Truth State Park,0
2007,Saratoga,Albany,John Boyd Thacher Pk,292804
2007,Saratoga,Albany,Schuyler Mansion,5198
2007,Saratoga,Albany,Thompson Lake St Pk,55428
2007,Saratoga,Columbia,Hudson River Islands,10181
2007,Saratoga,Delaware,John Burroughs Memorial,1967
2007,Saratoga,Essex,Crown Point,14633
2007,Saratoga,Essex,John Brown Farm,70700
2007,Saratoga,Fulton,Johnson Hall,60090
2007,Saratoga,Greene,Athens,42035
2007,Saratoga,Greene,Coxsackie,128985
2007,Saratoga,Montgomery,Schoharie Crossing,43025
2007,Saratoga,Rensselaer,Bennington Battlefield,18452
2007,Saratoga,Rensselaer,Cherry Plain St Pk,25956
2007,Saratoga,Rensselaer,Crailo,6186
2007,Saratoga,Rensselaer,Grafton Lakes St Pk,173702
2007,Saratoga,Rensselaer,Schodack Island,53627
2007,Saratoga,Saratoga,Grants Cottage,2393
2007,Saratoga,Saratoga,Peebles Island,78498
2007,Saratoga,Saratoga,Saratoga Lake Boat Lnch,109089
2007,Saratoga,Saratoga,Saratoga Springs,1801638
2007,Saratoga,Saratoga/Warren,Moreau Lake St Pk,356674
2007,Saratoga,Schoharie,Max V Shaul Campsite,4398
2007,Saratoga,Schoharie,Minekill,68614
2007,Taconic,Columbia,Clermont,86002
2007,Taconic,Columbia,Copake Falls,153578
2007,Taconic,Columbia,Lake Taghkanic St Park,170573
2007,Taconic,Columbia,Olana,94877
2007,Taconic,Columbia/Dutchess,Rudd Pond,16935
2007,Taconic,Dutchess,Clinton House,1669
2007,Taconic,Dutchess,James Baird,127960
2007,Taconic,Dutchess,Mills Norrie St Pk,248699
2007,Taconic,Dutchess,Staatsburgh Shs,22459
2007,Taconic,Dutchess/Putnam,Hudson Highlands,175067
2007,Taconic,Dutchess/Ulster,Walkway Over The Hudson,0
2007,Taconic,Putnam,Clarence Fahnestock,211262
2007,Taconic,Putnam,Taconic Outdoor Education Center,18087
2007,Taconic,Westchester,F D Roosevelt,532953
2007,Taconic,Westchester,John Jay Homestead,32828
2007,Taconic,Westchester,Old Croton Aqueduct,947610
2007,Taconic,Westchester,Philipse Manor,23001
2007,Taconic,Westchester,Rockefeller Preserve,315870
2007,Thousand Islands,Clinton,Cumberland Bay St Pk,55319
2007,Thousand Islands,Clinton,Great Chazy Boat Launch,15361
2007,Thousand Islands,Clinton,Macomb Reservation,38855
2007,Thousand Islands,Clinton,Point Au Roche,66206
2007,Thousand Islands,Clinton,Point Au Roche Boat Lau,7767
2007,Thousand Islands,Jefferson,Black River Trail,64447
2007,Thousand Islands,Jefferson,Burnham Pnt River Park,11752
2007,Thousand Islands,Jefferson,Canoe-Picnic Pnt River,7540
2007,Thousand Islands,Jefferson,Cedar Pnt River Park,73080
2007,Thousand Islands,Jefferson,Chaumont Boat Launch,33315
2007,Thousand Islands,Jefferson,Dewolf Point,8588
2007,Thousand Islands,Jefferson,Grass Pnt River Park,38238
2007,Thousand Islands,Jefferson,Keewaydin St Park,50531
2007,Thousand Islands,Jefferson,Kring Point,47947
2007,Thousand Islands,Jefferson,Long Point River Park,26554
2007,Thousand Islands,Jefferson,Mary Island River Park,4652
2007,Thousand Islands,Jefferson,Rock Island,3707
2007,Thousand Islands,Jefferson,Sackets Harbor Btl Field,104440
2007,Thousand Islands,Jefferson,Southwick Beach St Pk,89735
2007,Thousand Islands,Jefferson,Stony Creek,24192
2007,Thousand Islands,Jefferson,Thousand Island Admin.,0
2007,Thousand Islands,Jefferson,Waterson Point Docking,1547
2007,Thousand Islands,Jefferson,Wehle State Park,26173
2007,Thousand Islands,Jefferson,Wellesley Island St Pk,215373
2007,Thousand Islands,Jefferson,Westcott Beach St Pk,115780
2007,Thousand Islands,Lewis,Whetstone Gulf,129354
2007,Thousand Islands,St Lawrence,Black Lk Boat Launch,14316
2007,Thousand Islands,St Lawrence,Cedar Island River Park,1635
2007,Thousand Islands,St Lawrence,Coles Creek,123649
2007,Thousand Islands,St Lawrence,Eel Weir St Park,10835
2007,Thousand Islands,St Lawrence,Higley Flow St Park,40130
2007,Thousand Islands,St Lawrence,Jacques Cartier St Pk,24598
2007,Thousand Islands,St Lawrence,Robert Moses St Pk - Thousand Islands,231909
2007,Thousand Islands,St Lawrence,St Lawrence Golf Course,16127
2007,Thousand Islands,St Lawrence,Wilson Hill Boat Launch,10776
2006,Allegany,Cattaraugus,Allegany Quaker Area,700411
2006,Allegany,Cattaraugus,Allegany Red House Area,776633
2006,Allegany,Chautauqua,Lake Erie St Pk,131730
2006,Allegany,Chautauqua,Long Point Marina,144679
2006,Allegany,Chautauqua,Midway State Park,7040
2006,Central,Broome,Chenango Valley St Pk,207028
2006,Central,Broome,Chittengo Lndg,0
2006,Central,Broome/Delaware,Oquaga State Park,30229
2006,Central,Chenango,Bowman Lake St Pk,43046
2006,Central,Chenango,Hunts Pond State Park,4487
2006,Central,Herkimer,Herkimer Home,26128
2006,Central,Madison,Chittenango Fls St Pk,41117
2006,Central,Madison,Lorenzo,48094
2006,Central,Oneida,Delta Lake St Pk,153607
2006,Central,Oneida,Oriskany Battlefield,24209
2006,Central,Oneida,Pixley Falls State Park,19066
2006,Central,Oneida,Steuben Memorial,4599
2006,Central,Oneida,Verona Beach State Park,141367
2006,Central,Onondaga,Clark Reservation,46762
2006,Central,Onondaga,Green Lakes State Park,798179
2006,Central,Onondaga/Madison/Oneida,Old Erie Canal,101441
2006,Central,Oswego,Battle Isl Golf Course,34381
2006,Central,Oswego,Fort Ontario,113830
2006,Central,Oswego,Mexico Point Boat Launch,24936
2006,Central,Oswego,Pine Grove Boatlaunch,0
2006,Central,Oswego,Sandy Island Beach,25795
2006,Central,Oswego,Selkirk Shores,159023
2006,Central,Otsego,Betty And Wilbur Davis State Park,39435
2006,Central,Otsego,Canadarago Boat Lnch,42930
2006,Central,Otsego,Gilbert Lake St Pk,79745
2006,Central,Otsego,Glimmerglass State Park,96429
2006,Finger Lakes,Cayuga,Fair Haven St Pk,287452
2006,Finger Lakes,Cayuga,Fillmore Glen St Pk,101221
2006,Finger Lakes,Cayuga,Long Point St Pk,27170
2006,Finger Lakes,Cayuga,Springbrook Greens,10085
2006,Finger Lakes,Chemung,Newtown Battlefield,22733
2006,Finger Lakes,Chemung,Soaring Eagles Golf Course,32793
2006,Finger Lakes,Ontario,Ganondagan,28358
2006,Finger Lakes,Ontario,H H Spencer,11752
2006,Finger Lakes,Ontario,Honeoye Bt Lau,30408
2006,Finger Lakes,Ontario/Seneca,Seneca Lake St Pk,116988
2006,Finger Lakes,Schuyler,Watkins Glen St Pk,384366
2006,Finger Lakes,Seneca,Bonavista Golf Course,14444
2006,Finger Lakes,Seneca,Cayuga Lake St Pk,125124
2006,Finger Lakes,Seneca,Lodi Point Marina/Boat,19377
2006,Finger Lakes,Seneca,Sampson St Pk,172884
2006,Finger Lakes,Steuben,Indian Hills Golf Course,0
2006,Finger Lakes,Steuben,Pinnacle Golf,27492
2006,Finger Lakes,Steuben,Stony Brook St Pk,113703
2006,Finger Lakes,Tompkins,Allan Treman Marina,176102
2006,Finger Lakes,Tompkins,Buttermilk Falls St Pk,157958
2006,Finger Lakes,Tompkins,Finger Lakes Admin.,0
2006,Finger Lakes,Tompkins,Robert H Treman St Pk,155289
2006,Finger Lakes,Tompkins,Taughannock Falls St Pk,441203
2006,Finger Lakes,Wayne,Beechwood,11334
2006,Finger Lakes,Wayne,Canadaigua Btlau Ontrio,46071
2006,Finger Lakes,Wayne,Chimney Bluffs,66686
2006,Finger Lakes,Wayne,Deans Cove Boat Launch,12929
2006,Finger Lakes,Yates,Keuka Lake St Pk,82082
2006,Genesee,Allegany/Cattaraugus/Livingston/Monroe,Genesee Valley Greenway,12432
2006,Genesee,Genesee,Darien Lakes State Park,58176
2006,Genesee,Livingston,Conesus Lake Boat Launch,21903
2006,Genesee,Livingston/Wyoming,Letchworth State Park,645693
2006,Genesee,Monroe,Braddock Bay,26486
2006,Genesee,Monroe,Durand Eastman,17019
2006,Genesee,Monroe,Genesee River Park,851
2006,Genesee,Monroe,Hamlin Beach State Park,247546
2006,Genesee,Monroe,Irondquoit Bay Boat Lnch,23006
2006,Genesee,Orleans,Lakeside Beach St Pk,63370
2006,Genesee,Orleans,Oak Orchard Boat Launch,10439
2006,Genesee,Wyoming,Silver Lake,26110
2006,Long Island,Nassau,Hempstead Lake St Pk,318500
2006,Long Island,Nassau,Jones Beach,6548384
2006,Long Island,Nassau,Planting Fields A,163188
2006,Long Island,Nassau,Valley Stream St Pk,170797
2006,Long Island,Nassau/Suffolk,Bethpage Golf Course,774834
2006,Long Island,Nassau/Suffolk,Trailview,85589
2006,Long Island,Suffolk,Bayard C. A.,128254
2006,Long Island,Suffolk,Belmont Lakes St Pk,386210
2006,Long Island,Suffolk,Brentwood Sp,93450
2006,Long Island,Suffolk,Brookhaven State Park,6273
2006,Long Island,Suffolk,Caleb Smith State Park,26950
2006,Long Island,Suffolk,Camp Hero,153480
2006,Long Island,Suffolk,Captree St Pk,1291318
2006,Long Island,Suffolk,Caumsett St Pk,279147
2006,Long Island,Suffolk,Cold Spring Harbor,87324
2006,Long Island,Suffolk,Connetquot River St Pk,247810
2006,Long Island,Suffolk,Heckscher St Park,772803
2006,Long Island,Suffolk,Hither Hills,351380
2006,Long Island,Suffolk,Montauk Downs,226045
2006,Long Island,Suffolk,Montauk Point,867560
2006,Long Island,Suffolk,Napeague State Park,191565
2006,Long Island,Suffolk,Nissequogue River,38394
2006,Long Island,Suffolk,Orient Beach St Pk,73175
2006,Long Island,Suffolk,Robert Moses St Pk - Long Island,3494423
2006,Long Island,Suffolk,Sag Harbour,34020
2006,Long Island,Suffolk,Shadmore,115220
2006,Long Island,Suffolk,Sunken Meadow St Pk,2075540
2006,Long Island,Suffolk,Walt Whitman House,16737
2006,Long Island,Suffolk,Wildwood State Park,316267
2006,New York City,Bronx,Roberto Clemente,1341117
2006,New York City,Kings,Empire Fulton Ferry,143740
2006,New York City,Kings,Marsha P. Johnson State Park (former East River State Park until 2020),0
2006,New York City,New York,Riverbank Fitness Cntr,37603
2006,New York City,New York,Riverbank Rollr-Ice Rnks,303315
2006,New York City,New York,Riverbank State Park,1758524
2006,New York City,Queens,Bayswater Point St Pk,3900
2006,New York City,Queens,Gantry Plaza,102275
2006,New York City,Richmond,Clay Pit Ponds,52911
2006,Niagara,Erie,Beaver Island,325838
2006,Niagara,Erie,Big 6 Marina,49836
2006,Niagara,Erie,Buckhorn,34000
2006,Niagara,Erie,Buffalo Harbor St Pk & Marina,70
2006,Niagara,Erie,Evangola St Pk,108716
2006,Niagara,Erie,Knox Farm Sp,42062
2006,Niagara,Erie,Woodlawn Beach,142245
2006,Niagara,Niagara,Artpark,126528
2006,Niagara,Niagara,Deveaux Woods,27517
2006,Niagara,Niagara,Devils Hole,144114
2006,Niagara,Niagara,Four  Mile Creek,53070
2006,Niagara,Niagara,Ft Niagara,297411
2006,Niagara,Niagara,Golden Hill St Pk,258704
2006,Niagara,Niagara,Joseph Davis St Pk,27521
2006,Niagara,Niagara,Niagara Reservation,7756133
2006,Niagara,Niagara,Reservoir St Pk,79830
2006,Niagara,Niagara,Whirlpool,253260
2006,Niagara,Niagara,Wilson Tuscarora St Pk,229933
2006,Palisades,Dutchess/Orange/Putnam/Rockland,Appalachian Trail,2579
2006,Palisades,Orange,Fort Montgomery,6442
2006,Palisades,Orange,Goosepond Mountain,1720
2006,Palisades,Orange,Highland Lakes,1281
2006,Palisades,Orange,Knox Headquarters,22364
2006,Palisades,Orange,National Purple Heart Hall Of Honor,0
2006,Palisades,Orange,New Windsor Cantonment,21340
2006,Palisades,Orange,Schunnemunk State Park,24313
2006,Palisades,Orange,Sterling Forest,124683
2006,Palisades,Orange,Storm King,3045
2006,Palisades,Orange,Tiorati,256816
2006,Palisades,Orange,Washington Headquarters,19909
2006,Palisades,Orange/Rockland,Bear Mountain St Pk,1153122
2006,Palisades,Orange/Rockland,Harriman Group Camp,177387
2006,Palisades,Orange/Rockland,Harriman Hiker Trail,30402
2006,Palisades,Orange/Rockland,Sebago Lake,221579
2006,Palisades,Rockland,Anthony Wayne,1291177
2006,Palisades,Rockland,Blauvelt,22454
2006,Palisades,Rockland,Harriman Beaver Pond,61626
2006,Palisades,Rockland,Haverstraw Beach,26743
2006,Palisades,Rockland,High Tor St Pk,65881
2006,Palisades,Rockland,Hook Mountain,44967
2006,Palisades,Rockland,Lake Welch,275683
2006,Palisades,Rockland,Nyack Beach St Pk,184570
2006,Palisades,Rockland,Palisades,5622
2006,Palisades,Rockland,Rockland Lake State Park,1145210
2006,Palisades,Rockland,Stony Point Battlefield,28437
2006,Palisades,Rockland,Tallman Mountain St Pk,292169
2006,Palisades,Sullivan,Lake Superior,16835
2006,Palisades,Ulster,Bristol Beach,13927
2006,Palisades,Ulster,Minnewaska Park,175302
2006,Palisades,Ulster,Senate House,12310
2006,Palisades,Ulster,Sojourner Truth State Park,0
2006,Saratoga,Albany,John Boyd Thacher Pk,254362
2006,Saratoga,Albany,Schuyler Mansion,6014
2006,Saratoga,Albany,Thompson Lake St Pk,51286
2006,Saratoga,Columbia,Hudson River Islands,5729
2006,Saratoga,Delaware,John Burroughs Memorial,891
2006,Saratoga,Essex,Crown Point,15778
2006,Saratoga,Essex,John Brown Farm,87760
2006,Saratoga,Fulton,Johnson Hall,61331
2006,Saratoga,Greene,Athens,25453
2006,Saratoga,Greene,Coxsackie,66737
2006,Saratoga,Montgomery,Schoharie Crossing,63680
2006,Saratoga,Rensselaer,Bennington Battlefield,16288
2006,Saratoga,Rensselaer,Cherry Plain St Pk,17008
2006,Saratoga,Rensselaer,Crailo,6758
2006,Saratoga,Rensselaer,Grafton Lakes St Pk,164637
2006,Saratoga,Rensselaer,Schodack Island,49510
2006,Saratoga,Saratoga,Grants Cottage,2488
2006,Saratoga,Saratoga,Peebles Island,78229
2006,Saratoga,Saratoga,Saratoga Lake Boat Lnch,99450
2006,Saratoga,Saratoga,Saratoga Springs,1544905
2006,Saratoga,Saratoga/Warren,Moreau Lake St Pk,267603
2006,Saratoga,Schoharie,Max V Shaul Campsite,3826
2006,Saratoga,Schoharie,Minekill,65073
2006,Taconic,Columbia,Clermont,108010
2006,Taconic,Columbia,Copake Falls,186028
2006,Taconic,Columbia,Lake Taghkanic St Park,158219
2006,Taconic,Columbia,Olana,95514
2006,Taconic,Columbia/Dutchess,Rudd Pond,16946
2006,Taconic,Dutchess,Clinton House,1767
2006,Taconic,Dutchess,James Baird,212374
2006,Taconic,Dutchess,Mills Norrie St Pk,247359
2006,Taconic,Dutchess,Staatsburgh Shs,23182
2006,Taconic,Dutchess/Putnam,Hudson Highlands,169780
2006,Taconic,Dutchess/Ulster,Walkway Over The Hudson,0
2006,Taconic,Putnam,Clarence Fahnestock,193288
2006,Taconic,Putnam,Taconic Outdoor Education Center,17517
2006,Taconic,Westchester,F D Roosevelt,544148
2006,Taconic,Westchester,John Jay Homestead,37617
2006,Taconic,Westchester,Old Croton Aqueduct,878454
2006,Taconic,Westchester,Philipse Manor,23779
2006,Taconic,Westchester,Rockefeller Preserve,293151
2006,Thousand Islands,Clinton,Cumberland Bay St Pk,43906
2006,Thousand Islands,Clinton,Great Chazy Boat Launch,23117
2006,Thousand Islands,Clinton,Macomb Reservation,29143
2006,Thousand Islands,Clinton,Point Au Roche,70363
2006,Thousand Islands,Clinton,Point Au Roche Boat Lau,12453
2006,Thousand Islands,Jefferson,Black River Trail,45579
2006,Thousand Islands,Jefferson,Burnham Pnt River Park,12283
2006,Thousand Islands,Jefferson,Canoe-Picnic Pnt River,6676
2006,Thousand Islands,Jefferson,Cedar Pnt River Park,68543
2006,Thousand Islands,Jefferson,Chaumont Boat Launch,28714
2006,Thousand Islands,Jefferson,Dewolf Point,7461
2006,Thousand Islands,Jefferson,Grass Pnt River Park,35098
2006,Thousand Islands,Jefferson,Keewaydin St Park,52347
2006,Thousand Islands,Jefferson,Kring Point,50868
2006,Thousand Islands,Jefferson,Long Point River Park,25081
2006,Thousand Islands,Jefferson,Mary Island River Park,3421
2006,Thousand Islands,Jefferson,Rock Island,2999
2006,Thousand Islands,Jefferson,Sackets Harbor Btl Field,91099
2006,Thousand Islands,Jefferson,Southwick Beach St Pk,91062
2006,Thousand Islands,Jefferson,Stony Creek,22245
2006,Thousand Islands,Jefferson,Thousand Island Admin.,0
2006,Thousand Islands,Jefferson,Waterson Point Docking,871
2006,Thousand Islands,Jefferson,Wehle State Park,27100
2006,Thousand Islands,Jefferson,Wellesley Island St Pk,180115
2006,Thousand Islands,Jefferson,Westcott Beach St Pk,111807
2006,Thousand Islands,Lewis,Whetstone Gulf,49879
2006,Thousand Islands,St Lawrence,Black Lk Boat Launch,18610
2006,Thousand Islands,St Lawrence,Cedar Island River Park,2240
2006,Thousand Islands,St Lawrence,Coles Creek,107295
2006,Thousand Islands,St Lawrence,Eel Weir St Park,11802
2006,Thousand Islands,St Lawrence,Higley Flow St Park,32319
2006,Thousand Islands,St Lawrence,Jacques Cartier St Pk,29003
2006,Thousand Islands,St Lawrence,Robert Moses St Pk - Thousand Islands,230637
2006,Thousand Islands,St Lawrence,St Lawrence Golf Course,17579
2006,Thousand Islands,St Lawrence,Wilson Hill Boat Launch,12124
2005,Allegany,Cattaraugus,Allegany Quaker Area,703380
2005,Allegany,Cattaraugus,Allegany Red House Area,755990
2005,Allegany,Chautauqua,Lake Erie St Pk,128101
2005,Allegany,Chautauqua,Long Point Marina,158774
2005,Allegany,Chautauqua,Midway State Park,0
2005,Central,Broome,Chenango Valley St Pk,213353
2005,Central,Broome,Chittengo Lndg,392
2005,Central,Broome/Delaware,Oquaga State Park,33005
2005,Central,Chenango,Bowman Lake St Pk,44241
2005,Central,Chenango,Hunts Pond State Park,7335
2005,Central,Herkimer,Herkimer Home,27811
2005,Central,Madison,Chittenango Fls St Pk,41747
2005,Central,Madison,Lorenzo,43808
2005,Central,Oneida,Delta Lake St Pk,156397
2005,Central,Oneida,Oriskany Battlefield,18869
2005,Central,Oneida,Pixley Falls State Park,32495
2005,Central,Oneida,Steuben Memorial,6167
2005,Central,Oneida,Verona Beach State Park,160967
2005,Central,Onondaga,Clark Reservation,50642
2005,Central,Onondaga,Green Lakes State Park,808147
2005,Central,Onondaga/Madison/Oneida,Old Erie Canal,89422
2005,Central,Oswego,Battle Isl Golf Course,38964
2005,Central,Oswego,Fort Ontario,167772
2005,Central,Oswego,Mexico Point Boat Launch,22833
2005,Central,Oswego,Pine Grove Boatlaunch,0
2005,Central,Oswego,Sandy Island Beach,32562
2005,Central,Oswego,Selkirk Shores,151983
2005,Central,Otsego,Betty And Wilbur Davis State Park,6592
2005,Central,Otsego,Canadarago Boat Lnch,31280
2005,Central,Otsego,Gilbert Lake St Pk,90337
2005,Central,Otsego,Glimmerglass State Park,95246
2005,Finger Lakes,Cayuga,Fair Haven St Pk,278905
2005,Finger Lakes,Cayuga,Fillmore Glen St Pk,106199
2005,Finger Lakes,Cayuga,Long Point St Pk,35184
2005,Finger Lakes,Cayuga,Springbrook Greens,0
2005,Finger Lakes,Chemung,Newtown Battlefield,18559
2005,Finger Lakes,Chemung,Soaring Eagles Golf Course,43247
2005,Finger Lakes,Ontario,Ganondagan,27431
2005,Finger Lakes,Ontario,H H Spencer,7295
2005,Finger Lakes,Ontario,Honeoye Bt Lau,29129
2005,Finger Lakes,Ontario/Seneca,Seneca Lake St Pk,187520
2005,Finger Lakes,Schuyler,Watkins Glen St Pk,392931
2005,Finger Lakes,Seneca,Bonavista Golf Course,17101
2005,Finger Lakes,Seneca,Cayuga Lake St Pk,133516
2005,Finger Lakes,Seneca,Lodi Point Marina/Boat,26035
2005,Finger Lakes,Seneca,Sampson St Pk,188434
2005,Finger Lakes,Steuben,Indian Hills Golf Course,0
2005,Finger Lakes,Steuben,Pinnacle Golf,35126
2005,Finger Lakes,Steuben,Stony Brook St Pk,99904
2005,Finger Lakes,Tompkins,Allan Treman Marina,162478
2005,Finger Lakes,Tompkins,Buttermilk Falls St Pk,151387
2005,Finger Lakes,Tompkins,Finger Lakes Admin.,0
2005,Finger Lakes,Tompkins,Robert H Treman St Pk,162965
2005,Finger Lakes,Tompkins,Taughannock Falls St Pk,389251
2005,Finger Lakes,Wayne,Beechwood,9935
2005,Finger Lakes,Wayne,Canadaigua Btlau Ontrio,42478
2005,Finger Lakes,Wayne,Chimney Bluffs,54024
2005,Finger Lakes,Wayne,Deans Cove Boat Launch,15519
2005,Finger Lakes,Yates,Keuka Lake St Pk,85575
2005,Genesee,Allegany/Cattaraugus/Livingston/Monroe,Genesee Valley Greenway,7396
2005,Genesee,Genesee,Darien Lakes State Park,61555
2005,Genesee,Livingston,Conesus Lake Boat Launch,20304
2005,Genesee,Livingston/Wyoming,Letchworth State Park,640797
2005,Genesee,Monroe,Braddock Bay,29371
2005,Genesee,Monroe,Durand Eastman,37100
2005,Genesee,Monroe,Genesee River Park,578
2005,Genesee,Monroe,Hamlin Beach State Park,259153
2005,Genesee,Monroe,Irondquoit Bay Boat Lnch,37536
2005,Genesee,Orleans,Lakeside Beach St Pk,70872
2005,Genesee,Orleans,Oak Orchard Boat Launch,9562
2005,Genesee,Wyoming,Silver Lake,32155
2005,Long Island,Nassau,Hempstead Lake St Pk,327416
2005,Long Island,Nassau,Jones Beach,6393868
2005,Long Island,Nassau,Planting Fields A,167514
2005,Long Island,Nassau,Valley Stream St Pk,171317
2005,Long Island,Nassau/Suffolk,Bethpage Golf Course,864997
2005,Long Island,Nassau/Suffolk,Trailview,42380
2005,Long Island,Suffolk,Bayard C. A.,123115
2005,Long Island,Suffolk,Belmont Lakes St Pk,387058
2005,Long Island,Suffolk,Brentwood Sp,106626
2005,Long Island,Suffolk,Brookhaven State Park,4376
2005,Long Island,Suffolk,Caleb Smith State Park,32942
2005,Long Island,Suffolk,Camp Hero,131990
2005,Long Island,Suffolk,Captree St Pk,1336222
2005,Long Island,Suffolk,Caumsett St Pk,262707
2005,Long Island,Suffolk,Cold Spring Harbor,59493
2005,Long Island,Suffolk,Connetquot River St Pk,258940
2005,Long Island,Suffolk,Heckscher St Park,830409
2005,Long Island,Suffolk,Hither Hills,360880
2005,Long Island,Suffolk,Montauk Downs,224995
2005,Long Island,Suffolk,Montauk Point,901341
2005,Long Island,Suffolk,Napeague State Park,175150
2005,Long Island,Suffolk,Nissequogue River,32438
2005,Long Island,Suffolk,Orient Beach St Pk,78619
2005,Long Island,Suffolk,Robert Moses St Pk - Long Island,3445865
2005,Long Island,Suffolk,Sag Harbour,32968
2005,Long Island,Suffolk,Shadmore,104215
2005,Long Island,Suffolk,Sunken Meadow St Pk,2111860
2005,Long Island,Suffolk,Walt Whitman House,16745
2005,Long Island,Suffolk,Wildwood State Park,278550
2005,New York City,Bronx,Roberto Clemente,1400167
2005,New York City,Kings,Empire Fulton Ferry,239215
2005,New York City,Kings,Marsha P. Johnson State Park (former East River State Park until 2020),0
2005,New York City,New York,Riverbank Fitness Cntr,39969
2005,New York City,New York,Riverbank Rollr-Ice Rnks,286136
2005,New York City,New York,Riverbank State Park,1712563
2005,New York City,Queens,Bayswater Point St Pk,3284
2005,New York City,Queens,Gantry Plaza,102320
2005,New York City,Richmond,Clay Pit Ponds,42126
2005,Niagara,Erie,Beaver Island,316220
2005,Niagara,Erie,Big 6 Marina,41506
2005,Niagara,Erie,Buckhorn,31095
2005,Niagara,Erie,Buffalo Harbor St Pk & Marina,0
2005,Niagara,Erie,Evangola St Pk,103694
2005,Niagara,Erie,Knox Farm Sp,58517
2005,Niagara,Erie,Woodlawn Beach,169049
2005,Niagara,Niagara,Artpark,108073
2005,Niagara,Niagara,Deveaux Woods,28371
2005,Niagara,Niagara,Devils Hole,153845
2005,Niagara,Niagara,Four  Mile Creek,50211
2005,Niagara,Niagara,Ft Niagara,357120
2005,Niagara,Niagara,Golden Hill St Pk,257111
2005,Niagara,Niagara,Joseph Davis St Pk,21007
2005,Niagara,Niagara,Niagara Reservation,7762999
2005,Niagara,Niagara,Reservoir St Pk,90356
2005,Niagara,Niagara,Whirlpool,268625
2005,Niagara,Niagara,Wilson Tuscarora St Pk,236382
2005,Palisades,Dutchess/Orange/Putnam/Rockland,Appalachian Trail,3596
2005,Palisades,Orange,Fort Montgomery,5553
2005,Palisades,Orange,Goosepond Mountain,940
2005,Palisades,Orange,Highland Lakes,1371
2005,Palisades,Orange,Knox Headquarters,18234
2005,Palisades,Orange,National Purple Heart Hall Of Honor,0
2005,Palisades,Orange,New Windsor Cantonment,15484
2005,Palisades,Orange,Schunnemunk State Park,19039
2005,Palisades,Orange,Sterling Forest,113856
2005,Palisades,Orange,Storm King,2293
2005,Palisades,Orange,Tiorati,266906
2005,Palisades,Orange,Washington Headquarters,19423
2005,Palisades,Orange/Rockland,Bear Mountain St Pk,1252938
2005,Palisades,Orange/Rockland,Harriman Group Camp,250381
2005,Palisades,Orange/Rockland,Harriman Hiker Trail,29847
2005,Palisades,Orange/Rockland,Sebago Lake,114032
2005,Palisades,Rockland,Anthony Wayne,1384785
2005,Palisades,Rockland,Blauvelt,10884
2005,Palisades,Rockland,Harriman Beaver Pond,70217
2005,Palisades,Rockland,Haverstraw Beach,43580
2005,Palisades,Rockland,High Tor St Pk,67054
2005,Palisades,Rockland,Hook Mountain,62177
2005,Palisades,Rockland,Lake Welch,289928
2005,Palisades,Rockland,Nyack Beach St Pk,272254
2005,Palisades,Rockland,Palisades,3682
2005,Palisades,Rockland,Rockland Lake State Park,2040648
2005,Palisades,Rockland,Stony Point Battlefield,27364
2005,Palisades,Rockland,Tallman Mountain St Pk,321519
2005,Palisades,Sullivan,Lake Superior,18540
2005,Palisades,Ulster,Bristol Beach,19282
2005,Palisades,Ulster,Minnewaska Park,324944
2005,Palisades,Ulster,Senate House,13029
2005,Palisades,Ulster,Sojourner Truth State Park,0
2005,Saratoga,Albany,John Boyd Thacher Pk,288523
2005,Saratoga,Albany,Schuyler Mansion,3635
2005,Saratoga,Albany,Thompson Lake St Pk,48334
2005,Saratoga,Columbia,Hudson River Islands,0
2005,Saratoga,Delaware,John Burroughs Memorial,4
2005,Saratoga,Essex,Crown Point,37901
2005,Saratoga,Essex,John Brown Farm,90727
2005,Saratoga,Fulton,Johnson Hall,59384
2005,Saratoga,Greene,Athens,0
2005,Saratoga,Greene,Coxsackie,0
2005,Saratoga,Montgomery,Schoharie Crossing,79452
2005,Saratoga,Rensselaer,Bennington Battlefield,19411
2005,Saratoga,Rensselaer,Cherry Plain St Pk,26685
2005,Saratoga,Rensselaer,Crailo,5795
2005,Saratoga,Rensselaer,Grafton Lakes St Pk,169876
2005,Saratoga,Rensselaer,Schodack Island,34081
2005,Saratoga,Saratoga,Grants Cottage,2318
2005,Saratoga,Saratoga,Peebles Island,66584
2005,Saratoga,Saratoga,Saratoga Lake Boat Lnch,78591
2005,Saratoga,Saratoga,Saratoga Springs,890941
2005,Saratoga,Saratoga/Warren,Moreau Lake St Pk,338109
2005,Saratoga,Schoharie,Max V Shaul Campsite,4769
2005,Saratoga,Schoharie,Minekill,62736
2005,Taconic,Columbia,Clermont,88395
2005,Taconic,Columbia,Copake Falls,189061
2005,Taconic,Columbia,Lake Taghkanic St Park,172000
2005,Taconic,Columbia,Olana,108435
2005,Taconic,Columbia/Dutchess,Rudd Pond,18678
2005,Taconic,Dutchess,Clinton House,1414
2005,Taconic,Dutchess,James Baird,322801
2005,Taconic,Dutchess,Mills Norrie St Pk,253501
2005,Taconic,Dutchess,Staatsburgh Shs,19143
2005,Taconic,Dutchess/Putnam,Hudson Highlands,162511
2005,Taconic,Dutchess/Ulster,Walkway Over The Hudson,0
2005,Taconic,Putnam,Clarence Fahnestock,199975
2005,Taconic,Putnam,Taconic Outdoor Education Center,23699
2005,Taconic,Westchester,F D Roosevelt,622720
2005,Taconic,Westchester,John Jay Homestead,50143
2005,Taconic,Westchester,Old Croton Aqueduct,817245
2005,Taconic,Westchester,Philipse Manor,24488
2005,Taconic,Westchester,Rockefeller Preserve,272406
2005,Thousand Islands,Clinton,Cumberland Bay St Pk,51057
2005,Thousand Islands,Clinton,Great Chazy Boat Launch,29979
2005,Thousand Islands,Clinton,Macomb Reservation,39410
2005,Thousand Islands,Clinton,Point Au Roche,94696
2005,Thousand Islands,Clinton,Point Au Roche Boat Lau,15100
2005,Thousand Islands,Jefferson,Black River Trail,32494
2005,Thousand Islands,Jefferson,Burnham Pnt River Park,14143
2005,Thousand Islands,Jefferson,Canoe-Picnic Pnt River,7783
2005,Thousand Islands,Jefferson,Cedar Pnt River Park,68438
2005,Thousand Islands,Jefferson,Chaumont Boat Launch,25893
2005,Thousand Islands,Jefferson,Dewolf Point,8384
2005,Thousand Islands,Jefferson,Grass Pnt River Park,38629
2005,Thousand Islands,Jefferson,Keewaydin St Park,60418
2005,Thousand Islands,Jefferson,Kring Point,54609
2005,Thousand Islands,Jefferson,Long Point River Park,22246
2005,Thousand Islands,Jefferson,Mary Island River Park,3369
2005,Thousand Islands,Jefferson,Rock Island,3620
2005,Thousand Islands,Jefferson,Sackets Harbor Btl Field,90923
2005,Thousand Islands,Jefferson,Southwick Beach St Pk,96435
2005,Thousand Islands,Jefferson,Stony Creek,23364
2005,Thousand Islands,Jefferson,Thousand Island Admin.,1
2005,Thousand Islands,Jefferson,Waterson Point Docking,820
2005,Thousand Islands,Jefferson,Wehle State Park,20113
2005,Thousand Islands,Jefferson,Wellesley Island St Pk,175272
2005,Thousand Islands,Jefferson,Westcott Beach St Pk,118624
2005,Thousand Islands,Lewis,Whetstone Gulf,82856
2005,Thousand Islands,St Lawrence,Black Lk Boat Launch,16724
2005,Thousand Islands,St Lawrence,Cedar Island River Park,1940
2005,Thousand Islands,St Lawrence,Coles Creek,95560
2005,Thousand Islands,St Lawrence,Eel Weir St Park,9415
2005,Thousand Islands,St Lawrence,Higley Flow St Park,32462
2005,Thousand Islands,St Lawrence,Jacques Cartier St Pk,32105
2005,Thousand Islands,St Lawrence,Robert Moses St Pk - Thousand Islands,234635
2005,Thousand Islands,St Lawrence,St Lawrence Golf Course,37015
2005,Thousand Islands,St Lawrence,Wilson Hill Boat Launch,12835
2004,Allegany,Cattaraugus,Allegany Quaker Area,719567
2004,Allegany,Cattaraugus,Allegany Red House Area,761212
2004,Allegany,Chautauqua,Lake Erie St Pk,150104
2004,Allegany,Chautauqua,Long Point Marina,173181
2004,Allegany,Chautauqua,Midway State Park,0
2004,Central,Broome,Chenango Valley St Pk,214121
2004,Central,Broome,Chittengo Lndg,4761
2004,Central,Broome/Delaware,Oquaga State Park,30526
2004,Central,Chenango,Bowman Lake St Pk,41218
2004,Central,Chenango,Hunts Pond State Park,6248
2004,Central,Herkimer,Herkimer Home,25377
2004,Central,Madison,Chittenango Fls St Pk,46834
2004,Central,Madison,Lorenzo,44303
2004,Central,Oneida,Delta Lake St Pk,113826
2004,Central,Oneida,Oriskany Battlefield,12925
2004,Central,Oneida,Pixley Falls State Park,36372
2004,Central,Oneida,Steuben Memorial,2101
2004,Central,Oneida,Verona Beach State Park,150938
2004,Central,Onondaga,Clark Reservation,51668
2004,Central,Onondaga,Green Lakes State Park,827467
2004,Central,Onondaga/Madison/Oneida,Old Erie Canal,100511
2004,Central,Oswego,Battle Isl Golf Course,38807
2004,Central,Oswego,Fort Ontario,139007
2004,Central,Oswego,Mexico Point Boat Launch,28512
2004,Central,Oswego,Pine Grove Boatlaunch,0
2004,Central,Oswego,Sandy Island Beach,15185
2004,Central,Oswego,Selkirk Shores,150380
2004,Central,Otsego,Betty And Wilbur Davis State Park,0
2004,Central,Otsego,Canadarago Boat Lnch,28639
2004,Central,Otsego,Gilbert Lake St Pk,84811
2004,Central,Otsego,Glimmerglass State Park,76524
2004,Finger Lakes,Cayuga,Fair Haven St Pk,252124
2004,Finger Lakes,Cayuga,Fillmore Glen St Pk,103980
2004,Finger Lakes,Cayuga,Long Point St Pk,22341
2004,Finger Lakes,Cayuga,Springbrook Greens,0
2004,Finger Lakes,Chemung,Newtown Battlefield,0
2004,Finger Lakes,Chemung,Soaring Eagles Golf Course,66213
2004,Finger Lakes,Ontario,Ganondagan,30534
2004,Finger Lakes,Ontario,H H Spencer,8514
2004,Finger Lakes,Ontario,Honeoye Bt Lau,31572
2004,Finger Lakes,Ontario/Seneca,Seneca Lake St Pk,188984
2004,Finger Lakes,Schuyler,Watkins Glen St Pk,386316
2004,Finger Lakes,Seneca,Bonavista Golf Course,14076
2004,Finger Lakes,Seneca,Cayuga Lake St Pk,150499
2004,Finger Lakes,Seneca,Lodi Point Marina/Boat,20363
2004,Finger Lakes,Seneca,Sampson St Pk,182469
2004,Finger Lakes,Steuben,Indian Hills Golf Course,0
2004,Finger Lakes,Steuben,Pinnacle Golf,28055
2004,Finger Lakes,Steuben,Stony Brook St Pk,98645
2004,Finger Lakes,Tompkins,Allan Treman Marina,132838
2004,Finger Lakes,Tompkins,Buttermilk Falls St Pk,148914
2004,Finger Lakes,Tompkins,Finger Lakes Admin.,0
2004,Finger Lakes,Tompkins,Robert H Treman St Pk,149808
2004,Finger Lakes,Tompkins,Taughannock Falls St Pk,313615
2004,Finger Lakes,Wayne,Beechwood,14546
2004,Finger Lakes,Wayne,Canadaigua Btlau Ontrio,39674
2004,Finger Lakes,Wayne,Chimney Bluffs,35737
2004,Finger Lakes,Wayne,Deans Cove Boat Launch,20712
2004,Finger Lakes,Yates,Keuka Lake St Pk,82578
2004,Genesee,Allegany/Cattaraugus/Livingston/Monroe,Genesee Valley Greenway,0
2004,Genesee,Genesee,Darien Lakes State Park,54429
2004,Genesee,Livingston,Conesus Lake Boat Launch,17643
2004,Genesee,Livingston/Wyoming,Letchworth State Park,669110
2004,Genesee,Monroe,Braddock Bay,0
2004,Genesee,Monroe,Durand Eastman,0
2004,Genesee,Monroe,Genesee River Park,0
2004,Genesee,Monroe,Hamlin Beach State Park,240568
2004,Genesee,Monroe,Irondquoit Bay Boat Lnch,0
2004,Genesee,Orleans,Lakeside Beach St Pk,76289
2004,Genesee,Orleans,Oak Orchard Boat Launch,10629
2004,Genesee,Wyoming,Silver Lake,27492
2004,Long Island,Nassau,Hempstead Lake St Pk,310059
2004,Long Island,Nassau,Jones Beach,5624676
2004,Long Island,Nassau,Planting Fields A,170767
2004,Long Island,Nassau,Valley Stream St Pk,162575
2004,Long Island,Nassau/Suffolk,Bethpage Golf Course,908302
2004,Long Island,Nassau/Suffolk,Trailview,35577
2004,Long Island,Suffolk,Bayard C. A.,125907
2004,Long Island,Suffolk,Belmont Lakes St Pk,308319
2004,Long Island,Suffolk,Brentwood Sp,107838
2004,Long Island,Suffolk,Brookhaven State Park,4695
2004,Long Island,Suffolk,Caleb Smith State Park,33849
2004,Long Island,Suffolk,Camp Hero,135274
2004,Long Island,Suffolk,Captree St Pk,1456140
2004,Long Island,Suffolk,Caumsett St Pk,307661
2004,Long Island,Suffolk,Cold Spring Harbor,46611
2004,Long Island,Suffolk,Connetquot River St Pk,281686
2004,Long Island,Suffolk,Heckscher St Park,855230
2004,Long Island,Suffolk,Hither Hills,357026
2004,Long Island,Suffolk,Montauk Downs,230263
2004,Long Island,Suffolk,Montauk Point,895650
2004,Long Island,Suffolk,Napeague State Park,184650
2004,Long Island,Suffolk,Nissequogue River,29453
2004,Long Island,Suffolk,Orient Beach St Pk,78875
2004,Long Island,Suffolk,Robert Moses St Pk - Long Island,3463082
2004,Long Island,Suffolk,Sag Harbour,33845
2004,Long Island,Suffolk,Shadmore,118935
2004,Long Island,Suffolk,Sunken Meadow St Pk,1695351
2004,Long Island,Suffolk,Walt Whitman House,16654
2004,Long Island,Suffolk,Wildwood State Park,260414
2004,New York City,Bronx,Roberto Clemente,743412
2004,New York City,Kings,Empire Fulton Ferry,196669
2004,New York City,Kings,Marsha P. Johnson State Park (former East River State Park until 2020),0
2004,New York City,New York,Riverbank Fitness Cntr,32787
2004,New York City,New York,Riverbank Rollr-Ice Rnks,261934
2004,New York City,New York,Riverbank State Park,1610082
2004,New York City,Queens,Bayswater Point St Pk,9886
2004,New York City,Queens,Gantry Plaza,117614
2004,New York City,Richmond,Clay Pit Ponds,38379
2004,Niagara,Erie,Beaver Island,262568
2004,Niagara,Erie,Big 6 Marina,28515
2004,Niagara,Erie,Buckhorn,31896
2004,Niagara,Erie,Buffalo Harbor St Pk & Marina,0
2004,Niagara,Erie,Evangola St Pk,94167
2004,Niagara,Erie,Knox Farm Sp,49425
2004,Niagara,Erie,Woodlawn Beach,151359
2004,Niagara,Niagara,Artpark,105127
2004,Niagara,Niagara,Deaveaux Woods,26416
2004,Niagara,Niagara,Devils Hole,145065
2004,Niagara,Niagara,Four  Mile Creek,43974
2004,Niagara,Niagara,Ft Niagara,424577
2004,Niagara,Niagara,Golden Hill St Pk,237098
2004,Niagara,Niagara,Joseph Davis St Pk,24760
2004,Niagara,Niagara,Niagara Reservation,7779887
2004,Niagara,Niagara,Reservoir St Pk,81609
2004,Niagara,Niagara,Whirlpool,262210
2004,Niagara,Niagara,Wilson Tuscarora St Pk,175385
2004,Palisades,Dutchess/Orange/Putnam/Rockland,Appalachian Trail,0
2004,Palisades,Orange,Fort Montgomery,4681
2004,Palisades,Orange,Goosepond Mountain,3
2004,Palisades,Orange,Highland Lakes,4
2004,Palisades,Orange,Knox Headquarters,14933
2004,Palisades,Orange,National Purple Heart Hall Of Honor,0
2004,Palisades,Orange,New Windsor Cantonment,17199
2004,Palisades,Orange,Schunnemunk State Park,5916
2004,Palisades,Orange,Sterling Forest,83661
2004,Palisades,Orange,Storm King,0
2004,Palisades,Orange,Tiorati,267817
2004,Palisades,Orange,Washington Headquarters,17914
2004,Palisades,Orange/Rockland,Bear Mountain St Pk,1381240
2004,Palisades,Orange/Rockland,Harriman Group Camp,339197
2004,Palisades,Orange/Rockland,Harriman Hiker Trail,27100
2004,Palisades,Orange/Rockland,Sebago Lake,94028
2004,Palisades,Rockland,Anthony Wayne,1365494
2004,Palisades,Rockland,Blauvelt,0
2004,Palisades,Rockland,Harriman Beaver Pond,75202
2004,Palisades,Rockland,Haverstraw Beach,0
2004,Palisades,Rockland,High Tor St Pk,51437
2004,Palisades,Rockland,Hook Mountain,0
2004,Palisades,Rockland,Lake Welch,186750
2004,Palisades,Rockland,Nyack Beach St Pk,229369
2004,Palisades,Rockland,Palisades,0
2004,Palisades,Rockland,Rockland Lake State Park,1759534
2004,Palisades,Rockland,Stony Point Battlefield,25988
2004,Palisades,Rockland,Tallman Mountain St Pk,333853
2004,Palisades,Sullivan,Lake Superior,0
2004,Palisades,Ulster,Bristol Beach,20116
2004,Palisades,Ulster,Minnewaska Park,343988
2004,Palisades,Ulster,Senate House,15178
2004,Palisades,Ulster,Sojourner Truth State Park,0
2004,Saratoga,Albany,John Boyd Thacher Pk,307443
2004,Saratoga,Albany,Schuyler Mansion,4400
2004,Saratoga,Albany,Thompson Lake St Pk,48304
2004,Saratoga,Columbia,Hudson River Islands,0
2004,Saratoga,Delaware,John Burroughs Memorial,0
2004,Saratoga,Essex,Crown Point,47224
2004,Saratoga,Essex,John Brown Farm,71435
2004,Saratoga,Fulton,Johnson Hall,65737
2004,Saratoga,Greene,Athens,0
2004,Saratoga,Greene,Coxsackie,0
2004,Saratoga,Montgomery,Schoharie Crossing,84237
2004,Saratoga,Rensselaer,Bennington Battlefield,18990
2004,Saratoga,Rensselaer,Cherry Plain St Pk,16571
2004,Saratoga,Rensselaer,Crailo,7046
2004,Saratoga,Rensselaer,Grafton Lakes St Pk,159268
2004,Saratoga,Rensselaer,Schodack Island,31971
2004,Saratoga,Saratoga,Grants Cottage,44
2004,Saratoga,Saratoga,Peebles Island,52125
2004,Saratoga,Saratoga,Saratoga Lake Boat Lnch,63320
2004,Saratoga,Saratoga,Saratoga Springs,942524
2004,Saratoga,Saratoga/Warren,Moreau Lake St Pk,275587
2004,Saratoga,Schoharie,Max V Shaul Campsite,6811
2004,Saratoga,Schoharie,Minekill,60585
2004,Taconic,Columbia,Clermont,74622
2004,Taconic,Columbia,Copake Falls,172445
2004,Taconic,Columbia,Lake Taghkanic St Park,147096
2004,Taconic,Columbia,Olana,105392
2004,Taconic,Columbia/Dutchess,Rudd Pond,16746
2004,Taconic,Dutchess,Clinton House,1712
2004,Taconic,Dutchess,James Baird,448586
2004,Taconic,Dutchess,Mills Norrie St Pk,251855
2004,Taconic,Dutchess,Staatsburgh Shs,21186
2004,Taconic,Dutchess/Putnam,Hudson Highlands,127460
2004,Taconic,Dutchess/Ulster,Walkway Over The Hudson,0
2004,Taconic,Putnam,Clarence Fahnestock,163330
2004,Taconic,Putnam,Taconic Outdoor Education Center,21851
2004,Taconic,Westchester,F D Roosevelt,621783
2004,Taconic,Westchester,John Jay Homestead,60721
2004,Taconic,Westchester,Old Croton Aqueduct,832026
2004,Taconic,Westchester,Philipse Manor,25209
2004,Taconic,Westchester,Rockefeller Preserve,277812
2004,Thousand Islands,Clinton,Cumberland Bay St Pk,51153
2004,Thousand Islands,Clinton,Great Chazy Boat Launch,25016
2004,Thousand Islands,Clinton,Macomb Reservation,30013
2004,Thousand Islands,Clinton,Point Au Roche,85967
2004,Thousand Islands,Clinton,Point Au Roche Boat Lau,14279
2004,Thousand Islands,Jefferson,Black River Trail,14342
2004,Thousand Islands,Jefferson,Burnham Pnt River Park,12731
2004,Thousand Islands,Jefferson,Canoe-Picnic Pnt River,13709
2004,Thousand Islands,Jefferson,Cedar Pnt River Park,54019
2004,Thousand Islands,Jefferson,Chaumont Boat Launch,18336
2004,Thousand Islands,Jefferson,Dewolf Point,8942
2004,Thousand Islands,Jefferson,Grass Pnt River Park,33809
2004,Thousand Islands,Jefferson,Keewaydin St Park,60564
2004,Thousand Islands,Jefferson,Kring Point,54612
2004,Thousand Islands,Jefferson,Long Point River Park,23296
2004,Thousand Islands,Jefferson,Mary Island River Park,4200
2004,Thousand Islands,Jefferson,Rock Island,4072
2004,Thousand Islands,Jefferson,Sackets Harbor Btl Field,101167
2004,Thousand Islands,Jefferson,Southwick Beach St Pk,83828
2004,Thousand Islands,Jefferson,Stony Creek,16102
2004,Thousand Islands,Jefferson,Thousand Island Admin.,0
2004,Thousand Islands,Jefferson,Waterson Point Docking,478
2004,Thousand Islands,Jefferson,Wehle State Park,16705
2004,Thousand Islands,Jefferson,Wellesley Island St Pk,197165
2004,Thousand Islands,Jefferson,Westcott Beach St Pk,101580
2004,Thousand Islands,Lewis,Whetstone Gulf,85343
2004,Thousand Islands,St Lawrence,Black Lk Boat Launch,22936
2004,Thousand Islands,St Lawrence,Cedar Island River Park,2633
2004,Thousand Islands,St Lawrence,Coles Creek,116210
2004,Thousand Islands,St Lawrence,Eel Weir St Park,5925
2004,Thousand Islands,St Lawrence,Higley Flow St Park,27453
2004,Thousand Islands,St Lawrence,Jacques Cartier St Pk,28094
2004,Thousand Islands,St Lawrence,Robert Moses St Pk - Thousand Islands,248589
2004,Thousand Islands,St Lawrence,St Lawrence Golf Course,31271
2004,Thousand Islands,St Lawrence,Wilson Hill Boat Launch,13788
2003,Allegany,Cattaraugus,Allegany Quaker Area,666515
2003,Allegany,Cattaraugus,Allegany Red House Area,754291
2003,Allegany,Chautauqua,Lake Erie St Pk,146490
2003,Allegany,Chautauqua,Long Point Marina,192079
2003,Allegany,Chautauqua,Midway State Park,0
2003,Central,Broome,Chenango Valley St Pk,230349
2003,Central,Broome,Chittengo Lndg,4362
2003,Central,Broome/Delaware,Oquaga State Park,34883
2003,Central,Chenango,Bowman Lake St Pk,41846
2003,Central,Chenango,Hunts Pond State Park,11816
2003,Central,Herkimer,Herkimer Home,27074
2003,Central,Madison,Chittenango Fls St Pk,43945
2003,Central,Madison,Lorenzo,52158
2003,Central,Oneida,Delta Lake St Pk,119868
2003,Central,Oneida,Oriskany Battlefield,15985
2003,Central,Oneida,Pixley Falls State Park,40411
2003,Central,Oneida,Steuben Memorial,2729
2003,Central,Oneida,Verona Beach State Park,173790
2003,Central,Onondaga,Clark Reservation,51770
2003,Central,Onondaga,Green Lakes State Park,788159
2003,Central,Onondaga/Madison/Oneida,Old Erie Canal,110318
2003,Central,Oswego,Battle Isl Golf Course,39351
2003,Central,Oswego,Fort Ontario,120120
2003,Central,Oswego,Mexico Point Boat Launch,30605
2003,Central,Oswego,Pine Grove Boatlaunch,0
2003,Central,Oswego,Sandy Island Beach,0
2003,Central,Oswego,Selkirk Shores,166455
2003,Central,Otsego,Betty And Wilbur Davis State Park,0
2003,Central,Otsego,Canadarago Boat Lnch,29158
2003,Central,Otsego,Gilbert Lake St Pk,92440
2003,Central,Otsego,Glimmerglass State Park,80943
2003,Finger Lakes,Cayuga,Fair Haven St Pk,261059
2003,Finger Lakes,Cayuga,Fillmore Glen St Pk,100982
2003,Finger Lakes,Cayuga,Long Point St Pk,24649
2003,Finger Lakes,Cayuga,Springbrook Greens,0
2003,Finger Lakes,Chemung,Newtown Battlefield,20
2003,Finger Lakes,Chemung,Soaring Eagles Golf Course,55800
2003,Finger Lakes,Ontario,Ganondagan,26350
2003,Finger Lakes,Ontario,H H Spencer,22001
2003,Finger Lakes,Ontario,Honeoye Bt Lau,28387
2003,Finger Lakes,Ontario/Seneca,Seneca Lake St Pk,184428
2003,Finger Lakes,Schuyler,Watkins Glen St Pk,367132
2003,Finger Lakes,Seneca,Bonavista Golf Course,13554
2003,Finger Lakes,Seneca,Cayuga Lake St Pk,146702
2003,Finger Lakes,Seneca,Lodi Point Marina/Boat,15958
2003,Finger Lakes,Seneca,Sampson St Pk,191513
2003,Finger Lakes,Steuben,Indian Hills Golf Course,0
2003,Finger Lakes,Steuben,Pinnacle Golf,32177
2003,Finger Lakes,Steuben,Stony Brook St Pk,99231
2003,Finger Lakes,Tompkins,Allan Treman Marina,145622
2003,Finger Lakes,Tompkins,Buttermilk Falls St Pk,162905
2003,Finger Lakes,Tompkins,Finger Lakes Admin.,1
2003,Finger Lakes,Tompkins,Robert H Treman St Pk,162866
2003,Finger Lakes,Tompkins,Taughannock Falls St Pk,352854
2003,Finger Lakes,Wayne,Beechwood,11758
2003,Finger Lakes,Wayne,Canadaigua Btlau Ontrio,49894
2003,Finger Lakes,Wayne,Chimney Bluffs,35184
2003,Finger Lakes,Wayne,Deans Cove Boat Launch,17582
2003,Finger Lakes,Yates,Keuka Lake St Pk,114731
2003,Genesee,Allegany/Cattaraugus/Livingston/Monroe,Genesee Valley Greenway,0
2003,Genesee,Genesee,Darien Lakes State Park,56859
2003,Genesee,Livingston,Conesus Lake Boat Launch,18679
2003,Genesee,Livingston/Wyoming,Letchworth State Park,649777
2003,Genesee,Monroe,Braddock Bay,0
2003,Genesee,Monroe,Durand Eastman,0
2003,Genesee,Monroe,Genesee River Park,0
2003,Genesee,Monroe,Hamlin Beach State Park,266910
2003,Genesee,Monroe,Irondquoit Bay Boat Lnch,0
2003,Genesee,Orleans,Lakeside Beach St Pk,80831
2003,Genesee,Orleans,Oak Orchard Boat Launch,11961
2003,Genesee,Wyoming,Silver Lake,27428
2003,Long Island,Nassau,Hempstead Lake St Pk,291390
2003,Long Island,Nassau,Jones Beach,5851724
2003,Long Island,Nassau,Planting Fields A,146133
2003,Long Island,Nassau,Valley Stream St Pk,156508
2003,Long Island,Nassau/Suffolk,Bethpage Golf Course,860104
2003,Long Island,Nassau/Suffolk,Trailview,0
2003,Long Island,Suffolk,Bayard C. A.,107512
2003,Long Island,Suffolk,Belmont Lakes St Pk,292670
2003,Long Island,Suffolk,Brentwood Sp,0
2003,Long Island,Suffolk,Brookhaven State Park,0
2003,Long Island,Suffolk,Caleb Smith State Park,31716
2003,Long Island,Suffolk,Camp Hero,126985
2003,Long Island,Suffolk,Captree St Pk,2001188
2003,Long Island,Suffolk,Caumsett St Pk,318412
2003,Long Island,Suffolk,Cold Spring Harbor,0
2003,Long Island,Suffolk,Connetquot River St Pk,260198
2003,Long Island,Suffolk,Heckscher St Park,841542
2003,Long Island,Suffolk,Hither Hills,357220
2003,Long Island,Suffolk,Montauk Downs,222244
2003,Long Island,Suffolk,Montauk Point,900480
2003,Long Island,Suffolk,Napeague State Park,196520
2003,Long Island,Suffolk,Nissequogue River,39769
2003,Long Island,Suffolk,Orient Beach St Pk,79239
2003,Long Island,Suffolk,Robert Moses St Pk - Long Island,3376253
2003,Long Island,Suffolk,Sag Harbour,30685
2003,Long Island,Suffolk,Shadmore,0
2003,Long Island,Suffolk,Sunken Meadow St Pk,1262955
2003,Long Island,Suffolk,Walt Whitman House,13571
2003,Long Island,Suffolk,Wildwood State Park,334322
2003,New York City,Bronx,Roberto Clemente,1077815
2003,New York City,Kings,Empire Fulton Ferry,120123
2003,New York City,Kings,Marsha P. Johnson State Park (former East River State Park until 2020),0
2003,New York City,New York,Riverbank Fitness Cntr,30848
2003,New York City,New York,Riverbank Rollr-Ice Rnks,229156
2003,New York City,New York,Riverbank State Park,1357367
2003,New York City,Queens,Bayswater Point St Pk,12473
2003,New York City,Queens,Gantry Plaza,118444
2003,New York City,Richmond,Clay Pit Ponds,41888
2003,Niagara,Erie,Beaver Island,237101
2003,Niagara,Erie,Big 6 Marina,56561
2003,Niagara,Erie,Buckhorn,26515
2003,Niagara,Erie,Buffalo Harbor St Pk & Marina,0
2003,Niagara,Erie,Evangola St Pk,97345
2003,Niagara,Erie,Knox Farm Sp,36331
2003,Niagara,Erie,Woodlawn Beach,150093
2003,Niagara,Niagara,Artpark,89223
2003,Niagara,Niagara,Deaveaux Woods,27793
2003,Niagara,Niagara,Devils Hole,161640
2003,Niagara,Niagara,Four  Mile Creek,47848
2003,Niagara,Niagara,Ft Niagara,508195
2003,Niagara,Niagara,Golden Hill St Pk,226076
2003,Niagara,Niagara,Joseph Davis St Pk,28691
2003,Niagara,Niagara,Niagara Reservation,7390268
2003,Niagara,Niagara,Reservoir St Pk,86707
2003,Niagara,Niagara,Whirlpool,298830
2003,Niagara,Niagara,Wilson Tuscarora St Pk,191841
2003,Palisades,Dutchess/Orange/Putnam/Rockland,Appalachian Trail,0
2003,Palisades,Orange,Fort Montgomery,3536
2003,Palisades,Orange,Goosepond Mountain,0
2003,Palisades,Orange,Highland Lakes,0
2003,Palisades,Orange,Knox Headquarters,15635
2003,Palisades,Orange,National Purple Heart Hall Of Honor,0
2003,Palisades,Orange,New Windsor Cantonment,17147
2003,Palisades,Orange,Schunnemunk State Park,417
2003,Palisades,Orange,Sterling Forest,72579
2003,Palisades,Orange,Storm King,0
2003,Palisades,Orange,Tiorati,244992
2003,Palisades,Orange,Washington Headquarters,21796
2003,Palisades,Orange/Rockland,Bear Mountain St Pk,1045636
2003,Palisades,Orange/Rockland,Harriman Group Camp,319970
2003,Palisades,Orange/Rockland,Harriman Hiker Trail,24424
2003,Palisades,Orange/Rockland,Sebago Lake,97738
2003,Palisades,Rockland,Anthony Wayne,1279072
2003,Palisades,Rockland,Blauvelt,0
2003,Palisades,Rockland,Harriman Beaver Pond,67376
2003,Palisades,Rockland,Haverstraw Beach,0
2003,Palisades,Rockland,High Tor St Pk,48168
2003,Palisades,Rockland,Hook Mountain,0
2003,Palisades,Rockland,Lake Welch,156760
2003,Palisades,Rockland,Nyack Beach St Pk,289976
2003,Palisades,Rockland,Palisades,0
2003,Palisades,Rockland,Rockland Lake State Park,2124158
2003,Palisades,Rockland,Stony Point Battlefield,21414
2003,Palisades,Rockland,Tallman Mountain St Pk,348298
2003,Palisades,Sullivan,Lake Superior,0
2003,Palisades,Ulster,Bristol Beach,19887
2003,Palisades,Ulster,Minnewaska Park,330659
2003,Palisades,Ulster,Senate House,15326
2003,Palisades,Ulster,Sojourner Truth State Park,0
2003,Saratoga,Albany,John Boyd Thacher Pk,306301
2003,Saratoga,Albany,Schuyler Mansion,4206
2003,Saratoga,Albany,Thompson Lake St Pk,50178
2003,Saratoga,Columbia,Hudson River Islands,0
2003,Saratoga,Delaware,John Burroughs Memorial,0
2003,Saratoga,Essex,Crown Point,48230
2003,Saratoga,Essex,John Brown Farm,77807
2003,Saratoga,Fulton,Johnson Hall,60041
2003,Saratoga,Greene,Athens,0
2003,Saratoga,Greene,Coxsackie,0
2003,Saratoga,Montgomery,Schoharie Crossing,63430
2003,Saratoga,Rensselaer,Bennington Battlefield,18983
2003,Saratoga,Rensselaer,Cherry Plain St Pk,18814
2003,Saratoga,Rensselaer,Crailo,7733
2003,Saratoga,Rensselaer,Grafton Lakes St Pk,154490
2003,Saratoga,Rensselaer,Schodack Island,30995
2003,Saratoga,Saratoga,Grants Cottage,0
2003,Saratoga,Saratoga,Peebles Island,67799
2003,Saratoga,Saratoga,Saratoga Lake Boat Lnch,67082
2003,Saratoga,Saratoga,Saratoga Springs,998149
2003,Saratoga,Saratoga/Warren,Moreau Lake St Pk,277521
2003,Saratoga,Schoharie,Max V Shaul Campsite,6307
2003,Saratoga,Schoharie,Minekill,63219
2003,Taconic,Columbia,Clermont,77551
2003,Taconic,Columbia,Copake Falls,156903
2003,Taconic,Columbia,Lake Taghkanic St Park,158870
2003,Taconic,Columbia,Olana,108711
2003,Taconic,Columbia/Dutchess,Rudd Pond,16277
2003,Taconic,Dutchess,Clinton House,1594
2003,Taconic,Dutchess,James Baird,349640
2003,Taconic,Dutchess,Mills Norrie St Pk,238902
2003,Taconic,Dutchess,Staatsburgh Shs,16173
2003,Taconic,Dutchess/Putnam,Hudson Highlands,77121
2003,Taconic,Dutchess/Ulster,Walkway Over The Hudson,0
2003,Taconic,Putnam,Clarence Fahnestock,158102
2003,Taconic,Putnam,Taconic Outdoor Education Center,25610
2003,Taconic,Westchester,F D Roosevelt,579053
2003,Taconic,Westchester,John Jay Homestead,68359
2003,Taconic,Westchester,Old Croton Aqueduct,592761
2003,Taconic,Westchester,Philipse Manor,22941
2003,Taconic,Westchester,Rockefeller Preserve,254828
2003,Thousand Islands,Clinton,Cumberland Bay St Pk,53791
2003,Thousand Islands,Clinton,Great Chazy Boat Launch,24388
2003,Thousand Islands,Clinton,Macomb Reservation,31243
2003,Thousand Islands,Clinton,Point Au Roche,87977
2003,Thousand Islands,Clinton,Point Au Roche Boat Lau,10696
2003,Thousand Islands,Jefferson,Black River Trail,0
2003,Thousand Islands,Jefferson,Burnham Pnt River Park,8888
2003,Thousand Islands,Jefferson,Canoe-Picnic Pnt River,8835
2003,Thousand Islands,Jefferson,Cedar Pnt River Park,54952
2003,Thousand Islands,Jefferson,Chaumont Boat Launch,19606
2003,Thousand Islands,Jefferson,Dewolf Point,8198
2003,Thousand Islands,Jefferson,Grass Pnt River Park,31902
2003,Thousand Islands,Jefferson,Keewaydin St Park,61412
2003,Thousand Islands,Jefferson,Kring Point,53450
2003,Thousand Islands,Jefferson,Long Point River Park,23423
2003,Thousand Islands,Jefferson,Mary Island River Park,3313
2003,Thousand Islands,Jefferson,Rock Island,2889
2003,Thousand Islands,Jefferson,Sackets Harbor Btl Field,96288
2003,Thousand Islands,Jefferson,Southwick Beach St Pk,86761
2003,Thousand Islands,Jefferson,Stony Creek,14341
2003,Thousand Islands,Jefferson,Thousand Island Admin.,0
2003,Thousand Islands,Jefferson,Waterson Point Docking,1086
2003,Thousand Islands,Jefferson,Wehle State Park,0
2003,Thousand Islands,Jefferson,Wellesley Island St Pk,203955
2003,Thousand Islands,Jefferson,Westcott Beach St Pk,108888
2003,Thousand Islands,Lewis,Whetstone Gulf,112686
2003,Thousand Islands,St Lawrence,Black Lk Boat Launch,7932
2003,Thousand Islands,St Lawrence,Cedar Island River Park,2799
2003,Thousand Islands,St Lawrence,Coles Creek,119915
2003,Thousand Islands,St Lawrence,Eel Weir St Park,4788
2003,Thousand Islands,St Lawrence,Higley Flow St Park,33650
2003,Thousand Islands,St Lawrence,Jacques Cartier St Pk,27884
2003,Thousand Islands,St Lawrence,Robert Moses St Pk - Thousand Islands,260797
2003,Thousand Islands,St Lawrence,St Lawrence Golf Course,18226
2003,Thousand Islands,St Lawrence,Wilson Hill Boat Launch,15289
